,powder1,powder2,fraction
0,v-3N37,v-N350,[[1.10606061]]
1,v-3N37,CFE PISTOL,[[1.12307692]]
2,v-3N37,v-N320,[[1.35185185]]
3,v-3N37,v-N340,[[1.17741935]]
4,v-3N37,R SILHOUETTE,[[1.15873016]]
5,v-3N37,WIN 244,[[1.46]]
6,v-3N37,R TRUE BLUE,[[1.23728814]]
7,v-3N37,HS6,[[1.04285714]]
8,v-3N37,IMR TARGET,[[1.65909091]]
9,v-3N37,WIN 572,[[1.23728814]]
10,v-3N37,UNIVERSAL,[[1.46]]
11,v-3N37,RAM ZIP,[[1.46]]
12,v-3N37,TITEGROUP,[[1.69767442]]
13,v-3N37,AUTOCOMP,[[1.25862069]]
14,v-3N37,HP38,[[1.58695652]]
15,v-3N37,WIN 231,[[1.58695652]]
16,v-3N37,SR7625,[[1.48979592]]
17,v-3N37,SR4756,[[1.32727273]]
18,v-3N37,IMR 700X,[[1.825]]
19,v-3N37,POWER PISTOL,[[1.25862069]]
20,v-3N37,CLAYS,[[1.825]]
21,v-3N37,IMR RED,[[1.825]]
22,v-3N37,UNIQUE,[[1.43137255]]
23,v-3N37,IMR PB,[[1.69767442]]
24,v-3N37,R COMPETITION,[[2.02777778]]
25,v-N350,CFE PISTOL,[[1.01538462]]
26,v-N350,v-N320,[[1.22222222]]
27,v-N350,v-N340,[[1.06451613]]
28,v-N350,R SILHOUETTE,[[1.04761905]]
29,v-N350,WIN 244,[[1.32]]
30,v-N350,R TRUE BLUE,[[1.11864407]]
31,v-N350,HS6,[[0.94285714]]
32,v-N350,IMR TARGET,[[1.5]]
33,v-N350,WIN 572,[[1.11864407]]
34,v-N350,UNIVERSAL,[[1.32]]
35,v-N350,RAM ZIP,[[1.32]]
36,v-N350,TITEGROUP,[[1.53488372]]
37,v-N350,AUTOCOMP,[[1.13793103]]
38,v-N350,HP38,[[1.43478261]]
39,v-N350,WIN 231,[[1.43478261]]
40,v-N350,SR7625,[[1.34693878]]
41,v-N350,SR4756,[[1.2]]
42,v-N350,IMR 700X,[[1.65]]
43,v-N350,POWER PISTOL,[[1.13793103]]
44,v-N350,CLAYS,[[1.65]]
45,v-N350,IMR RED,[[1.65]]
46,v-N350,UNIQUE,[[1.29411765]]
47,v-N350,IMR PB,[[1.53488372]]
48,v-N350,R COMPETITION,[[1.83333333]]
49,CFE PISTOL,v-N320,[[1.2037037]]
50,CFE PISTOL,v-N340,[[1.0483871]]
51,CFE PISTOL,R SILHOUETTE,[[1.03174603]]
52,CFE PISTOL,WIN 244,[[1.3]]
53,CFE PISTOL,R TRUE BLUE,[[1.10169492]]
54,CFE PISTOL,HS6,[[0.92857143]]
55,CFE PISTOL,IMR TARGET,[[1.47727273]]
56,CFE PISTOL,WIN 572,[[1.10169492]]
57,CFE PISTOL,UNIVERSAL,[[1.3]]
58,CFE PISTOL,RAM ZIP,[[1.3]]
59,CFE PISTOL,TITEGROUP,[[1.51162791]]
60,CFE PISTOL,AUTOCOMP,[[1.12068966]]
61,CFE PISTOL,HP38,[[1.41304348]]
62,CFE PISTOL,WIN 231,[[1.41304348]]
63,CFE PISTOL,SR7625,[[1.32653061]]
64,CFE PISTOL,SR4756,[[1.18181818]]
65,CFE PISTOL,IMR 700X,[[1.625]]
66,CFE PISTOL,POWER PISTOL,[[1.12068966]]
67,CFE PISTOL,CLAYS,[[1.625]]
68,CFE PISTOL,IMR RED,[[1.625]]
69,CFE PISTOL,UNIQUE,[[1.2745098]]
70,CFE PISTOL,IMR PB,[[1.51162791]]
71,CFE PISTOL,R COMPETITION,[[1.80555556]]
72,v-N320,v-N340,[[0.87096774]]
73,v-N320,R SILHOUETTE,[[0.85714286]]
74,v-N320,WIN 244,[[1.08]]
75,v-N320,R TRUE BLUE,[[0.91525424]]
76,v-N320,HS6,[[0.77142857]]
77,v-N320,IMR TARGET,[[1.22727273]]
78,v-N320,WIN 572,[[0.91525424]]
79,v-N320,UNIVERSAL,[[1.08]]
80,v-N320,RAM ZIP,[[1.08]]
81,v-N320,TITEGROUP,[[1.25581395]]
82,v-N320,AUTOCOMP,[[0.93103448]]
83,v-N320,HP38,[[1.17391304]]
84,v-N320,WIN 231,[[1.17391304]]
85,v-N320,SR7625,[[1.10204082]]
86,v-N320,SR4756,[[0.98181818]]
87,v-N320,IMR 700X,[[1.35]]
88,v-N320,POWER PISTOL,[[0.93103448]]
89,v-N320,CLAYS,[[1.35]]
90,v-N320,IMR RED,[[1.35]]
91,v-N320,UNIQUE,[[1.05882353]]
92,v-N320,IMR PB,[[1.25581395]]
93,v-N320,R COMPETITION,[[1.5]]
94,v-N340,R SILHOUETTE,[[0.98412698]]
95,v-N340,WIN 244,[[1.24]]
96,v-N340,R TRUE BLUE,[[1.05084746]]
97,v-N340,HS6,[[0.88571429]]
98,v-N340,IMR TARGET,[[1.40909091]]
99,v-N340,WIN 572,[[1.05084746]]
100,v-N340,UNIVERSAL,[[1.24]]
101,v-N340,RAM ZIP,[[1.24]]
102,v-N340,TITEGROUP,[[1.44186047]]
103,v-N340,AUTOCOMP,[[1.06896552]]
104,v-N340,HP38,[[1.34782609]]
105,v-N340,WIN 231,[[1.34782609]]
106,v-N340,SR7625,[[1.26530612]]
107,v-N340,SR4756,[[1.12727273]]
108,v-N340,IMR 700X,[[1.55]]
109,v-N340,POWER PISTOL,[[1.06896552]]
110,v-N340,CLAYS,[[1.55]]
111,v-N340,IMR RED,[[1.55]]
112,v-N340,UNIQUE,[[1.21568627]]
113,v-N340,IMR PB,[[1.44186047]]
114,v-N340,R COMPETITION,[[1.72222222]]
115,R SILHOUETTE,WIN 244,[[1.26]]
116,R SILHOUETTE,R TRUE BLUE,[[1.06779661]]
117,R SILHOUETTE,HS6,[[0.9]]
118,R SILHOUETTE,IMR TARGET,[[1.43181818]]
119,R SILHOUETTE,WIN 572,[[1.06779661]]
120,R SILHOUETTE,UNIVERSAL,[[1.26]]
121,R SILHOUETTE,RAM ZIP,[[1.26]]
122,R SILHOUETTE,TITEGROUP,[[1.46511628]]
123,R SILHOUETTE,AUTOCOMP,[[1.0862069]]
124,R SILHOUETTE,HP38,[[1.36956522]]
125,R SILHOUETTE,WIN 231,[[1.36956522]]
126,R SILHOUETTE,SR7625,[[1.28571429]]
127,R SILHOUETTE,SR4756,[[1.14545455]]
128,R SILHOUETTE,IMR 700X,[[1.575]]
129,R SILHOUETTE,POWER PISTOL,[[1.0862069]]
130,R SILHOUETTE,CLAYS,[[1.575]]
131,R SILHOUETTE,IMR RED,[[1.575]]
132,R SILHOUETTE,UNIQUE,[[1.23529412]]
133,R SILHOUETTE,IMR PB,[[1.46511628]]
134,R SILHOUETTE,R COMPETITION,[[1.75]]
135,WIN 244,R TRUE BLUE,[[0.84745763]]
136,WIN 244,HS6,[[0.71428571]]
137,WIN 244,IMR TARGET,[[1.13636364]]
138,WIN 244,WIN 572,[[0.84745763]]
139,WIN 244,UNIVERSAL,[[1.]]
140,WIN 244,RAM ZIP,[[1.]]
141,WIN 244,TITEGROUP,[[1.1627907]]
142,WIN 244,AUTOCOMP,[[0.86206897]]
143,WIN 244,HP38,[[1.08695652]]
144,WIN 244,WIN 231,[[1.08695652]]
145,WIN 244,SR7625,[[1.02040816]]
146,WIN 244,SR4756,[[0.90909091]]
147,WIN 244,IMR 700X,[[1.25]]
148,WIN 244,POWER PISTOL,[[0.86206897]]
149,WIN 244,CLAYS,[[1.25]]
150,WIN 244,IMR RED,[[1.25]]
151,WIN 244,UNIQUE,[[0.98039216]]
152,WIN 244,IMR PB,[[1.1627907]]
153,WIN 244,R COMPETITION,[[1.38888889]]
154,R TRUE BLUE,HS6,[[0.84285714]]
155,R TRUE BLUE,IMR TARGET,[[1.34090909]]
156,R TRUE BLUE,WIN 572,[[1.]]
157,R TRUE BLUE,UNIVERSAL,[[1.18]]
158,R TRUE BLUE,RAM ZIP,[[1.18]]
159,R TRUE BLUE,TITEGROUP,[[1.37209302]]
160,R TRUE BLUE,AUTOCOMP,[[1.01724138]]
161,R TRUE BLUE,HP38,[[1.2826087]]
162,R TRUE BLUE,WIN 231,[[1.2826087]]
163,R TRUE BLUE,SR7625,[[1.20408163]]
164,R TRUE BLUE,SR4756,[[1.07272727]]
165,R TRUE BLUE,IMR 700X,[[1.475]]
166,R TRUE BLUE,POWER PISTOL,[[1.01724138]]
167,R TRUE BLUE,CLAYS,[[1.475]]
168,R TRUE BLUE,IMR RED,[[1.475]]
169,R TRUE BLUE,UNIQUE,[[1.15686275]]
170,R TRUE BLUE,IMR PB,[[1.37209302]]
171,R TRUE BLUE,R COMPETITION,[[1.63888889]]
172,HS6,IMR TARGET,[[1.59090909]]
173,HS6,WIN 572,[[1.18644068]]
174,HS6,UNIVERSAL,[[1.4]]
175,HS6,RAM ZIP,[[1.4]]
176,HS6,TITEGROUP,[[1.62790698]]
177,HS6,AUTOCOMP,[[1.20689655]]
178,HS6,HP38,[[1.52173913]]
179,HS6,WIN 231,[[1.52173913]]
180,HS6,SR7625,[[1.42857143]]
181,HS6,SR4756,[[1.27272727]]
182,HS6,IMR 700X,[[1.75]]
183,HS6,POWER PISTOL,[[1.20689655]]
184,HS6,CLAYS,[[1.75]]
185,HS6,IMR RED,[[1.75]]
186,HS6,UNIQUE,[[1.37254902]]
187,HS6,IMR PB,[[1.62790698]]
188,HS6,R COMPETITION,[[1.94444444]]
189,IMR TARGET,WIN 572,[[0.74576271]]
190,IMR TARGET,UNIVERSAL,[[0.88]]
191,IMR TARGET,RAM ZIP,[[0.88]]
192,IMR TARGET,TITEGROUP,[[1.02325581]]
193,IMR TARGET,AUTOCOMP,[[0.75862069]]
194,IMR TARGET,HP38,[[0.95652174]]
195,IMR TARGET,WIN 231,[[0.95652174]]
196,IMR TARGET,SR7625,[[0.89795918]]
197,IMR TARGET,SR4756,[[0.8]]
198,IMR TARGET,IMR 700X,[[1.1]]
199,IMR TARGET,POWER PISTOL,[[0.75862069]]
200,IMR TARGET,CLAYS,[[1.1]]
201,IMR TARGET,IMR RED,[[1.1]]
202,IMR TARGET,UNIQUE,[[0.8627451]]
203,IMR TARGET,IMR PB,[[1.02325581]]
204,IMR TARGET,R COMPETITION,[[1.22222222]]
205,WIN 572,UNIVERSAL,[[1.18]]
206,WIN 572,RAM ZIP,[[1.18]]
207,WIN 572,TITEGROUP,[[1.37209302]]
208,WIN 572,AUTOCOMP,[[1.01724138]]
209,WIN 572,HP38,[[1.2826087]]
210,WIN 572,WIN 231,[[1.2826087]]
211,WIN 572,SR7625,[[1.20408163]]
212,WIN 572,SR4756,[[1.07272727]]
213,WIN 572,IMR 700X,[[1.475]]
214,WIN 572,POWER PISTOL,[[1.01724138]]
215,WIN 572,CLAYS,[[1.475]]
216,WIN 572,IMR RED,[[1.475]]
217,WIN 572,UNIQUE,[[1.15686275]]
218,WIN 572,IMR PB,[[1.37209302]]
219,WIN 572,R COMPETITION,[[1.63888889]]
220,UNIVERSAL,RAM ZIP,[[1.]]
221,UNIVERSAL,TITEGROUP,[[1.1627907]]
222,UNIVERSAL,AUTOCOMP,[[0.86206897]]
223,UNIVERSAL,HP38,[[1.08695652]]
224,UNIVERSAL,WIN 231,[[1.08695652]]
225,UNIVERSAL,SR7625,[[1.02040816]]
226,UNIVERSAL,SR4756,[[0.90909091]]
227,UNIVERSAL,IMR 700X,[[1.25]]
228,UNIVERSAL,POWER PISTOL,[[0.86206897]]
229,UNIVERSAL,CLAYS,[[1.25]]
230,UNIVERSAL,IMR RED,[[1.25]]
231,UNIVERSAL,UNIQUE,[[0.98039216]]
232,UNIVERSAL,IMR PB,[[1.1627907]]
233,UNIVERSAL,R COMPETITION,[[1.38888889]]
234,RAM ZIP,TITEGROUP,[[1.1627907]]
235,RAM ZIP,AUTOCOMP,[[0.86206897]]
236,RAM ZIP,HP38,[[1.08695652]]
237,RAM ZIP,WIN 231,[[1.08695652]]
238,RAM ZIP,SR7625,[[1.02040816]]
239,RAM ZIP,SR4756,[[0.90909091]]
240,RAM ZIP,IMR 700X,[[1.25]]
241,RAM ZIP,POWER PISTOL,[[0.86206897]]
242,RAM ZIP,CLAYS,[[1.25]]
243,RAM ZIP,IMR RED,[[1.25]]
244,RAM ZIP,UNIQUE,[[0.98039216]]
245,RAM ZIP,IMR PB,[[1.1627907]]
246,RAM ZIP,R COMPETITION,[[1.38888889]]
247,TITEGROUP,AUTOCOMP,[[0.74137931]]
248,TITEGROUP,HP38,[[0.93478261]]
249,TITEGROUP,WIN 231,[[0.93478261]]
250,TITEGROUP,SR7625,[[0.87755102]]
251,TITEGROUP,SR4756,[[0.78181818]]
252,TITEGROUP,IMR 700X,[[1.075]]
253,TITEGROUP,POWER PISTOL,[[0.74137931]]
254,TITEGROUP,CLAYS,[[1.075]]
255,TITEGROUP,IMR RED,[[1.075]]
256,TITEGROUP,UNIQUE,[[0.84313725]]
257,TITEGROUP,IMR PB,[[1.]]
258,TITEGROUP,R COMPETITION,[[1.19444444]]
259,AUTOCOMP,HP38,[[1.26086957]]
260,AUTOCOMP,WIN 231,[[1.26086957]]
261,AUTOCOMP,SR7625,[[1.18367347]]
262,AUTOCOMP,SR4756,[[1.05454545]]
263,AUTOCOMP,IMR 700X,[[1.45]]
264,AUTOCOMP,POWER PISTOL,[[1.]]
265,AUTOCOMP,CLAYS,[[1.45]]
266,AUTOCOMP,IMR RED,[[1.45]]
267,AUTOCOMP,UNIQUE,[[1.1372549]]
268,AUTOCOMP,IMR PB,[[1.34883721]]
269,AUTOCOMP,R COMPETITION,[[1.61111111]]
270,HP38,WIN 231,[[1.]]
271,HP38,SR7625,[[0.93877551]]
272,HP38,SR4756,[[0.83636364]]
273,HP38,IMR 700X,[[1.15]]
274,HP38,POWER PISTOL,[[0.79310345]]
275,HP38,CLAYS,[[1.15]]
276,HP38,IMR RED,[[1.15]]
277,HP38,UNIQUE,[[0.90196078]]
278,HP38,IMR PB,[[1.06976744]]
279,HP38,R COMPETITION,[[1.27777778]]
280,WIN 231,SR7625,[[0.93877551]]
281,WIN 231,SR4756,[[0.83636364]]
282,WIN 231,IMR 700X,[[1.15]]
283,WIN 231,POWER PISTOL,[[0.79310345]]
284,WIN 231,CLAYS,[[1.15]]
285,WIN 231,IMR RED,[[1.15]]
286,WIN 231,UNIQUE,[[0.90196078]]
287,WIN 231,IMR PB,[[1.06976744]]
288,WIN 231,R COMPETITION,[[1.27777778]]
289,SR7625,SR4756,[[0.89090909]]
290,SR7625,IMR 700X,[[1.225]]
291,SR7625,POWER PISTOL,[[0.84482759]]
292,SR7625,CLAYS,[[1.225]]
293,SR7625,IMR RED,[[1.225]]
294,SR7625,UNIQUE,[[0.96078431]]
295,SR7625,IMR PB,[[1.13953488]]
296,SR7625,R COMPETITION,[[1.36111111]]
297,SR4756,IMR 700X,[[1.375]]
298,SR4756,POWER PISTOL,[[0.94827586]]
299,SR4756,CLAYS,[[1.375]]
300,SR4756,IMR RED,[[1.375]]
301,SR4756,UNIQUE,[[1.07843137]]
302,SR4756,IMR PB,[[1.27906977]]
303,SR4756,R COMPETITION,[[1.52777778]]
304,IMR 700X,POWER PISTOL,[[0.68965517]]
305,IMR 700X,CLAYS,[[1.]]
306,IMR 700X,IMR RED,[[1.]]
307,IMR 700X,UNIQUE,[[0.78431373]]
308,IMR 700X,IMR PB,[[0.93023256]]
309,IMR 700X,R COMPETITION,[[1.11111111]]
310,POWER PISTOL,CLAYS,[[1.45]]
311,POWER PISTOL,IMR RED,[[1.45]]
312,POWER PISTOL,UNIQUE,[[1.1372549]]
313,POWER PISTOL,IMR PB,[[1.34883721]]
314,POWER PISTOL,R COMPETITION,[[1.61111111]]
315,CLAYS,IMR RED,[[1.]]
316,CLAYS,UNIQUE,[[0.78431373]]
317,CLAYS,IMR PB,[[0.93023256]]
318,CLAYS,R COMPETITION,[[1.11111111]]
319,IMR RED,UNIQUE,[[0.78431373]]
320,IMR RED,IMR PB,[[0.93023256]]
321,IMR RED,R COMPETITION,[[1.11111111]]
322,UNIQUE,IMR PB,[[1.18604651]]
323,UNIQUE,R COMPETITION,[[1.41666667]]
324,IMR PB,R COMPETITION,[[1.19444444]]
325,v-3N37,v-N340,[[1.15384615]]
326,v-3N37,v-N350,[[1.01694915]]
327,v-3N37,BLUE DOT,[[0.8]]
328,v-3N37,v-N330,[[1.25]]
329,v-3N37,UNIQUE,[[1.09090909]]
330,v-3N37,HS6,[[0.89552239]]
331,v-3N37,WIN 572,[[1.13207547]]
332,v-3N37,POWER PISTOL,[[1.01694915]]
333,v-3N37,LONGSHORT,[[1.2]]
334,v-3N37,v-N320,[[1.5]]
335,v-3N37,CFE PISTOL,[[1.13207547]]
336,v-3N37,IMR TARGET,[[1.36363636]]
337,v-3N37,HP38,[[1.27659574]]
338,v-3N37,WIN 231,[[1.27659574]]
339,v-3N37,AUTOCOMP,[[1.17647059]]
340,v-3N37,TITEGROUP,[[1.33333333]]
341,v-3N37,UNIVERSAL,[[1.33333333]]
342,v-3N37,BULLSEYE,[[1.46341463]]
343,v-3N37,SR7625,[[1.33333333]]
344,v-3N37,AMER-SELECT,[[1.25]]
345,v-3N37,CLAYS,[[1.62162162]]
346,v-3N37,IMR 700X,[[1.53846154]]
347,v-3N37,IMR PB,[[1.66666667]]
348,v-N340,v-N350,[[0.88135593]]
349,v-N340,BLUE DOT,[[0.69333333]]
350,v-N340,v-N330,[[1.08333333]]
351,v-N340,UNIQUE,[[0.94545455]]
352,v-N340,HS6,[[0.7761194]]
353,v-N340,WIN 572,[[0.98113208]]
354,v-N340,POWER PISTOL,[[0.88135593]]
355,v-N340,LONGSHORT,[[1.04]]
356,v-N340,v-N320,[[1.3]]
357,v-N340,CFE PISTOL,[[0.98113208]]
358,v-N340,IMR TARGET,[[1.18181818]]
359,v-N340,HP38,[[1.10638298]]
360,v-N340,WIN 231,[[1.10638298]]
361,v-N340,AUTOCOMP,[[1.01960784]]
362,v-N340,TITEGROUP,[[1.15555556]]
363,v-N340,UNIVERSAL,[[1.15555556]]
364,v-N340,BULLSEYE,[[1.26829268]]
365,v-N340,SR7625,[[1.15555556]]
366,v-N340,AMER-SELECT,[[1.08333333]]
367,v-N340,CLAYS,[[1.40540541]]
368,v-N340,IMR 700X,[[1.33333333]]
369,v-N340,IMR PB,[[1.44444444]]
370,v-N350,BLUE DOT,[[0.78666667]]
371,v-N350,v-N330,[[1.22916667]]
372,v-N350,UNIQUE,[[1.07272727]]
373,v-N350,HS6,[[0.88059701]]
374,v-N350,WIN 572,[[1.11320755]]
375,v-N350,POWER PISTOL,[[1.]]
376,v-N350,LONGSHORT,[[1.18]]
377,v-N350,v-N320,[[1.475]]
378,v-N350,CFE PISTOL,[[1.11320755]]
379,v-N350,IMR TARGET,[[1.34090909]]
380,v-N350,HP38,[[1.25531915]]
381,v-N350,WIN 231,[[1.25531915]]
382,v-N350,AUTOCOMP,[[1.15686275]]
383,v-N350,TITEGROUP,[[1.31111111]]
384,v-N350,UNIVERSAL,[[1.31111111]]
385,v-N350,BULLSEYE,[[1.43902439]]
386,v-N350,SR7625,[[1.31111111]]
387,v-N350,AMER-SELECT,[[1.22916667]]
388,v-N350,CLAYS,[[1.59459459]]
389,v-N350,IMR 700X,[[1.51282051]]
390,v-N350,IMR PB,[[1.63888889]]
391,BLUE DOT,v-N330,[[1.5625]]
392,BLUE DOT,UNIQUE,[[1.36363636]]
393,BLUE DOT,HS6,[[1.11940299]]
394,BLUE DOT,WIN 572,[[1.41509434]]
395,BLUE DOT,POWER PISTOL,[[1.27118644]]
396,BLUE DOT,LONGSHORT,[[1.5]]
397,BLUE DOT,v-N320,[[1.875]]
398,BLUE DOT,CFE PISTOL,[[1.41509434]]
399,BLUE DOT,IMR TARGET,[[1.70454545]]
400,BLUE DOT,HP38,[[1.59574468]]
401,BLUE DOT,WIN 231,[[1.59574468]]
402,BLUE DOT,AUTOCOMP,[[1.47058824]]
403,BLUE DOT,TITEGROUP,[[1.66666667]]
404,BLUE DOT,UNIVERSAL,[[1.66666667]]
405,BLUE DOT,BULLSEYE,[[1.82926829]]
406,BLUE DOT,SR7625,[[1.66666667]]
407,BLUE DOT,AMER-SELECT,[[1.5625]]
408,BLUE DOT,CLAYS,[[2.02702703]]
409,BLUE DOT,IMR 700X,[[1.92307692]]
410,BLUE DOT,IMR PB,[[2.08333333]]
411,v-N330,UNIQUE,[[0.87272727]]
412,v-N330,HS6,[[0.71641791]]
413,v-N330,WIN 572,[[0.90566038]]
414,v-N330,POWER PISTOL,[[0.81355932]]
415,v-N330,LONGSHORT,[[0.96]]
416,v-N330,v-N320,[[1.2]]
417,v-N330,CFE PISTOL,[[0.90566038]]
418,v-N330,IMR TARGET,[[1.09090909]]
419,v-N330,HP38,[[1.0212766]]
420,v-N330,WIN 231,[[1.0212766]]
421,v-N330,AUTOCOMP,[[0.94117647]]
422,v-N330,TITEGROUP,[[1.06666667]]
423,v-N330,UNIVERSAL,[[1.06666667]]
424,v-N330,BULLSEYE,[[1.17073171]]
425,v-N330,SR7625,[[1.06666667]]
426,v-N330,AMER-SELECT,[[1.]]
427,v-N330,CLAYS,[[1.2972973]]
428,v-N330,IMR 700X,[[1.23076923]]
429,v-N330,IMR PB,[[1.33333333]]
430,UNIQUE,HS6,[[0.82089552]]
431,UNIQUE,WIN 572,[[1.03773585]]
432,UNIQUE,POWER PISTOL,[[0.93220339]]
433,UNIQUE,LONGSHORT,[[1.1]]
434,UNIQUE,v-N320,[[1.375]]
435,UNIQUE,CFE PISTOL,[[1.03773585]]
436,UNIQUE,IMR TARGET,[[1.25]]
437,UNIQUE,HP38,[[1.17021277]]
438,UNIQUE,WIN 231,[[1.17021277]]
439,UNIQUE,AUTOCOMP,[[1.07843137]]
440,UNIQUE,TITEGROUP,[[1.22222222]]
441,UNIQUE,UNIVERSAL,[[1.22222222]]
442,UNIQUE,BULLSEYE,[[1.34146341]]
443,UNIQUE,SR7625,[[1.22222222]]
444,UNIQUE,AMER-SELECT,[[1.14583333]]
445,UNIQUE,CLAYS,[[1.48648649]]
446,UNIQUE,IMR 700X,[[1.41025641]]
447,UNIQUE,IMR PB,[[1.52777778]]
448,HS6,WIN 572,[[1.26415094]]
449,HS6,POWER PISTOL,[[1.13559322]]
450,HS6,LONGSHORT,[[1.34]]
451,HS6,v-N320,[[1.675]]
452,HS6,CFE PISTOL,[[1.26415094]]
453,HS6,IMR TARGET,[[1.52272727]]
454,HS6,HP38,[[1.42553191]]
455,HS6,WIN 231,[[1.42553191]]
456,HS6,AUTOCOMP,[[1.31372549]]
457,HS6,TITEGROUP,[[1.48888889]]
458,HS6,UNIVERSAL,[[1.48888889]]
459,HS6,BULLSEYE,[[1.63414634]]
460,HS6,SR7625,[[1.48888889]]
461,HS6,AMER-SELECT,[[1.39583333]]
462,HS6,CLAYS,[[1.81081081]]
463,HS6,IMR 700X,[[1.71794872]]
464,HS6,IMR PB,[[1.86111111]]
465,WIN 572,POWER PISTOL,[[0.89830508]]
466,WIN 572,LONGSHORT,[[1.06]]
467,WIN 572,v-N320,[[1.325]]
468,WIN 572,CFE PISTOL,[[1.]]
469,WIN 572,IMR TARGET,[[1.20454545]]
470,WIN 572,HP38,[[1.12765957]]
471,WIN 572,WIN 231,[[1.12765957]]
472,WIN 572,AUTOCOMP,[[1.03921569]]
473,WIN 572,TITEGROUP,[[1.17777778]]
474,WIN 572,UNIVERSAL,[[1.17777778]]
475,WIN 572,BULLSEYE,[[1.29268293]]
476,WIN 572,SR7625,[[1.17777778]]
477,WIN 572,AMER-SELECT,[[1.10416667]]
478,WIN 572,CLAYS,[[1.43243243]]
479,WIN 572,IMR 700X,[[1.35897436]]
480,WIN 572,IMR PB,[[1.47222222]]
481,POWER PISTOL,LONGSHORT,[[1.18]]
482,POWER PISTOL,v-N320,[[1.475]]
483,POWER PISTOL,CFE PISTOL,[[1.11320755]]
484,POWER PISTOL,IMR TARGET,[[1.34090909]]
485,POWER PISTOL,HP38,[[1.25531915]]
486,POWER PISTOL,WIN 231,[[1.25531915]]
487,POWER PISTOL,AUTOCOMP,[[1.15686275]]
488,POWER PISTOL,TITEGROUP,[[1.31111111]]
489,POWER PISTOL,UNIVERSAL,[[1.31111111]]
490,POWER PISTOL,BULLSEYE,[[1.43902439]]
491,POWER PISTOL,SR7625,[[1.31111111]]
492,POWER PISTOL,AMER-SELECT,[[1.22916667]]
493,POWER PISTOL,CLAYS,[[1.59459459]]
494,POWER PISTOL,IMR 700X,[[1.51282051]]
495,POWER PISTOL,IMR PB,[[1.63888889]]
496,LONGSHORT,v-N320,[[1.25]]
497,LONGSHORT,CFE PISTOL,[[0.94339623]]
498,LONGSHORT,IMR TARGET,[[1.13636364]]
499,LONGSHORT,HP38,[[1.06382979]]
500,LONGSHORT,WIN 231,[[1.06382979]]
501,LONGSHORT,AUTOCOMP,[[0.98039216]]
502,LONGSHORT,TITEGROUP,[[1.11111111]]
503,LONGSHORT,UNIVERSAL,[[1.11111111]]
504,LONGSHORT,BULLSEYE,[[1.2195122]]
505,LONGSHORT,SR7625,[[1.11111111]]
506,LONGSHORT,AMER-SELECT,[[1.04166667]]
507,LONGSHORT,CLAYS,[[1.35135135]]
508,LONGSHORT,IMR 700X,[[1.28205128]]
509,LONGSHORT,IMR PB,[[1.38888889]]
510,v-N320,CFE PISTOL,[[0.75471698]]
511,v-N320,IMR TARGET,[[0.90909091]]
512,v-N320,HP38,[[0.85106383]]
513,v-N320,WIN 231,[[0.85106383]]
514,v-N320,AUTOCOMP,[[0.78431373]]
515,v-N320,TITEGROUP,[[0.88888889]]
516,v-N320,UNIVERSAL,[[0.88888889]]
517,v-N320,BULLSEYE,[[0.97560976]]
518,v-N320,SR7625,[[0.88888889]]
519,v-N320,AMER-SELECT,[[0.83333333]]
520,v-N320,CLAYS,[[1.08108108]]
521,v-N320,IMR 700X,[[1.02564103]]
522,v-N320,IMR PB,[[1.11111111]]
523,CFE PISTOL,IMR TARGET,[[1.20454545]]
524,CFE PISTOL,HP38,[[1.12765957]]
525,CFE PISTOL,WIN 231,[[1.12765957]]
526,CFE PISTOL,AUTOCOMP,[[1.03921569]]
527,CFE PISTOL,TITEGROUP,[[1.17777778]]
528,CFE PISTOL,UNIVERSAL,[[1.17777778]]
529,CFE PISTOL,BULLSEYE,[[1.29268293]]
530,CFE PISTOL,SR7625,[[1.17777778]]
531,CFE PISTOL,AMER-SELECT,[[1.10416667]]
532,CFE PISTOL,CLAYS,[[1.43243243]]
533,CFE PISTOL,IMR 700X,[[1.35897436]]
534,CFE PISTOL,IMR PB,[[1.47222222]]
535,IMR TARGET,HP38,[[0.93617021]]
536,IMR TARGET,WIN 231,[[0.93617021]]
537,IMR TARGET,AUTOCOMP,[[0.8627451]]
538,IMR TARGET,TITEGROUP,[[0.97777778]]
539,IMR TARGET,UNIVERSAL,[[0.97777778]]
540,IMR TARGET,BULLSEYE,[[1.07317073]]
541,IMR TARGET,SR7625,[[0.97777778]]
542,IMR TARGET,AMER-SELECT,[[0.91666667]]
543,IMR TARGET,CLAYS,[[1.18918919]]
544,IMR TARGET,IMR 700X,[[1.12820513]]
545,IMR TARGET,IMR PB,[[1.22222222]]
546,HP38,WIN 231,[[1.]]
547,HP38,AUTOCOMP,[[0.92156863]]
548,HP38,TITEGROUP,[[1.04444444]]
549,HP38,UNIVERSAL,[[1.04444444]]
550,HP38,BULLSEYE,[[1.14634146]]
551,HP38,SR7625,[[1.04444444]]
552,HP38,AMER-SELECT,[[0.97916667]]
553,HP38,CLAYS,[[1.27027027]]
554,HP38,IMR 700X,[[1.20512821]]
555,HP38,IMR PB,[[1.30555556]]
556,WIN 231,AUTOCOMP,[[0.92156863]]
557,WIN 231,TITEGROUP,[[1.04444444]]
558,WIN 231,UNIVERSAL,[[1.04444444]]
559,WIN 231,BULLSEYE,[[1.14634146]]
560,WIN 231,SR7625,[[1.04444444]]
561,WIN 231,AMER-SELECT,[[0.97916667]]
562,WIN 231,CLAYS,[[1.27027027]]
563,WIN 231,IMR 700X,[[1.20512821]]
564,WIN 231,IMR PB,[[1.30555556]]
565,AUTOCOMP,TITEGROUP,[[1.13333333]]
566,AUTOCOMP,UNIVERSAL,[[1.13333333]]
567,AUTOCOMP,BULLSEYE,[[1.24390244]]
568,AUTOCOMP,SR7625,[[1.13333333]]
569,AUTOCOMP,AMER-SELECT,[[1.0625]]
570,AUTOCOMP,CLAYS,[[1.37837838]]
571,AUTOCOMP,IMR 700X,[[1.30769231]]
572,AUTOCOMP,IMR PB,[[1.41666667]]
573,TITEGROUP,UNIVERSAL,[[1.]]
574,TITEGROUP,BULLSEYE,[[1.09756098]]
575,TITEGROUP,SR7625,[[1.]]
576,TITEGROUP,AMER-SELECT,[[0.9375]]
577,TITEGROUP,CLAYS,[[1.21621622]]
578,TITEGROUP,IMR 700X,[[1.15384615]]
579,TITEGROUP,IMR PB,[[1.25]]
580,UNIVERSAL,BULLSEYE,[[1.09756098]]
581,UNIVERSAL,SR7625,[[1.]]
582,UNIVERSAL,AMER-SELECT,[[0.9375]]
583,UNIVERSAL,CLAYS,[[1.21621622]]
584,UNIVERSAL,IMR 700X,[[1.15384615]]
585,UNIVERSAL,IMR PB,[[1.25]]
586,BULLSEYE,SR7625,[[0.91111111]]
587,BULLSEYE,AMER-SELECT,[[0.85416667]]
588,BULLSEYE,CLAYS,[[1.10810811]]
589,BULLSEYE,IMR 700X,[[1.05128205]]
590,BULLSEYE,IMR PB,[[1.13888889]]
591,SR7625,AMER-SELECT,[[0.9375]]
592,SR7625,CLAYS,[[1.21621622]]
593,SR7625,IMR 700X,[[1.15384615]]
594,SR7625,IMR PB,[[1.25]]
595,AMER-SELECT,CLAYS,[[1.2972973]]
596,AMER-SELECT,IMR 700X,[[1.23076923]]
597,AMER-SELECT,IMR PB,[[1.33333333]]
598,CLAYS,IMR 700X,[[0.94871795]]
599,CLAYS,IMR PB,[[1.02777778]]
600,IMR 700X,IMR PB,[[1.08333333]]
601,v-N350,v-3N37,"[[0.95588235]
 [1.41176471]]"
602,v-N350,v-N340,"[[1.12068966]
 [1.11627907]]"
603,v-N350,CFE PISTOL,"[[1.2037037 ]
 [1.39130435]]"
604,v-N350,v-N320,"[[1.32653061]
 [1.39130435]]"
605,v-N350,R SILHOUETTE,"[[1.12068966]
 [1.65517241]]"
606,v-N350,ACCUR #5,"[[1.06557377]
 [1.        ]]"
607,v-N350,R TRUE BLUE,"[[1.16071429]
 [0.92307692]]"
608,v-N350,WIN 244,"[[1.38297872]
 [2.04255319]]"
609,v-N350,WIN 572,"[[1.2037037 ]
 [1.77777778]]"
610,v-N350,AUTOCOMP,"[[1.38297872]
 [1.28      ]]"
611,v-N350,IMR TARGET,"[[1.66666667]
 [2.46153846]]"
612,v-N350,HS6,"[[1.        ]
 [0.97959184]]"
613,v-N350,SR4756,"[[1.22641509]
 [1.6       ]]"
614,v-N350,UNIVERSAL,"[[1.38297872]
 [1.35211268]]"
615,v-N350,ACCUR #2,"[[1.51162791]
 [1.41176471]]"
616,v-N350,TITEGROUP,"[[1.51162791]
 [1.41176471]]"
617,v-N350,SR7625,"[[1.44444444]
 [1.65517241]]"
618,v-N350,POWER PISTOL,"[[1.2037037 ]
 [1.04347826]]"
619,v-N350,UNIQUE,"[[1.3       ]
 [1.14285714]]"
620,v-N350,IMR 700X,"[[1.80555556]
 [2.13333333]]"
621,v-N350,CLAYS,"[[1.85714286]
 [2.74285714]]"
622,v-N350,WIN 296,"[[0.30952381]
 [0.45714286]]"
623,v-N350,H110,"[[0.30952381]
 [0.45714286]]"
624,v-N350,H4227,"[[0.36111111]
 [0.53333333]]"
625,v-N350,v-N110,"[[0.38690476]
 [0.57142857]]"
626,v-N350,R ENFORCER,"[[0.40123457]
 [0.59259259]]"
627,v-N350,LONGSHORT,"[[0.74712644]
 [1.10344828]]"
628,v-N350,HS6,"[[1.        ]
 [0.97959184]]"
629,v-N350,v-N350,"[[1.]
 [1.]]"
630,v-N350,v-N340,"[[1.12068966]
 [1.11627907]]"
631,v-N350,WIN 231,"[[0.89041096]
 [1.31506849]]"
632,v-N350,HP38,"[[0.89041096]
 [1.31506849]]"
633,v-N350,TITEGROUP,"[[1.51162791]
 [1.41176471]]"
634,v-N350,CFE PISTOL,"[[1.2037037 ]
 [1.39130435]]"
635,v-N350,R TRUE BLUE,"[[1.16071429]
 [0.92307692]]"
636,v-N350,AUTOCOMP,"[[1.38297872]
 [1.28      ]]"
637,v-N350,UNIVERSAL,"[[1.38297872]
 [1.35211268]]"
638,v-N350,ACCUR #7,"[[0.59633028]
 [0.88073394]]"
639,v-N350,ACCUR #5,"[[1.06557377]
 [1.        ]]"
640,v-N350,SR4756,"[[1.22641509]
 [1.6       ]]"
641,v-N350,HERC 2400,"[[0.42207792]
 [0.62337662]]"
642,v-N350,SR7625,"[[1.44444444]
 [1.65517241]]"
643,v-N350,IMR 700X,"[[1.80555556]
 [2.13333333]]"
644,v-N350,v-N320,"[[1.32653061]
 [1.39130435]]"
645,v-N350,POWER PISTOL,"[[1.2037037 ]
 [1.04347826]]"
646,v-N350,UNIQUE,"[[1.3       ]
 [1.14285714]]"
647,v-N350,v-N310,"[[1.08333333]
 [1.6       ]]"
648,v-N350,IMR PB,"[[1.44444444]
 [2.13333333]]"
649,v-N350,ACCUR #2,"[[1.51162791]
 [1.41176471]]"
650,v-3N37,v-N340,"[[1.17241379]
 [0.79069767]]"
651,v-3N37,CFE PISTOL,"[[1.25925926]
 [0.98550725]]"
652,v-3N37,v-N320,"[[1.3877551 ]
 [0.98550725]]"
653,v-3N37,R SILHOUETTE,[[1.17241379]]
654,v-3N37,ACCUR #5,"[[1.1147541 ]
 [0.70833333]]"
655,v-3N37,R TRUE BLUE,"[[1.21428571]
 [0.65384615]]"
656,v-3N37,WIN 244,[[1.44680851]]
657,v-3N37,WIN 572,[[1.25925926]]
658,v-3N37,AUTOCOMP,"[[1.44680851]
 [0.90666667]]"
659,v-3N37,IMR TARGET,[[1.74358974]]
660,v-3N37,HS6,"[[1.04615385]
 [0.69387755]]"
661,v-3N37,SR4756,"[[1.28301887]
 [1.13333333]]"
662,v-3N37,UNIVERSAL,"[[1.44680851]
 [0.95774648]]"
663,v-3N37,ACCUR #2,"[[1.58139535]
 [1.        ]]"
664,v-3N37,TITEGROUP,"[[1.58139535]
 [1.        ]]"
665,v-3N37,SR7625,"[[1.51111111]
 [1.17241379]]"
666,v-3N37,POWER PISTOL,"[[1.25925926]
 [0.73913043]]"
667,v-3N37,UNIQUE,"[[1.36      ]
 [0.80952381]]"
668,v-3N37,IMR 700X,"[[1.88888889]
 [1.51111111]]"
669,v-3N37,CLAYS,[[1.94285714]]
670,v-3N37,WIN 296,[[0.32380952]]
671,v-3N37,H110,[[0.32380952]]
672,v-3N37,H4227,[[0.37777778]]
673,v-3N37,v-N110,[[0.4047619]]
674,v-3N37,R ENFORCER,[[0.41975309]]
675,v-3N37,LONGSHORT,[[0.7816092]]
676,v-3N37,HS6,"[[1.04615385]
 [0.69387755]]"
677,v-3N37,v-N350,"[[1.04615385]
 [0.70833333]]"
678,v-3N37,v-N340,"[[1.17241379]
 [0.79069767]]"
679,v-3N37,WIN 231,[[0.93150685]]
680,v-3N37,HP38,[[0.93150685]]
681,v-3N37,TITEGROUP,"[[1.58139535]
 [1.        ]]"
682,v-3N37,CFE PISTOL,"[[1.25925926]
 [0.98550725]]"
683,v-3N37,R TRUE BLUE,"[[1.21428571]
 [0.65384615]]"
684,v-3N37,AUTOCOMP,"[[1.44680851]
 [0.90666667]]"
685,v-3N37,UNIVERSAL,"[[1.44680851]
 [0.95774648]]"
686,v-3N37,ACCUR #7,[[0.62385321]]
687,v-3N37,ACCUR #5,"[[1.1147541 ]
 [0.70833333]]"
688,v-3N37,SR4756,"[[1.28301887]
 [1.13333333]]"
689,v-3N37,HERC 2400,[[0.44155844]]
690,v-3N37,SR7625,"[[1.51111111]
 [1.17241379]]"
691,v-3N37,IMR 700X,"[[1.88888889]
 [1.51111111]]"
692,v-3N37,v-N320,"[[1.3877551 ]
 [0.98550725]]"
693,v-3N37,POWER PISTOL,"[[1.25925926]
 [0.73913043]]"
694,v-3N37,UNIQUE,"[[1.36      ]
 [0.80952381]]"
695,v-3N37,v-N310,[[1.13333333]]
696,v-3N37,IMR PB,[[1.51111111]]
697,v-3N37,ACCUR #2,"[[1.58139535]
 [1.        ]]"
698,v-N340,CFE PISTOL,"[[1.07407407]
 [1.24637681]]"
699,v-N340,v-N320,"[[1.18367347]
 [1.24637681]]"
700,v-N340,R SILHOUETTE,"[[1.        ]
 [1.48275862]]"
701,v-N340,ACCUR #5,"[[0.95081967]
 [0.89583333]]"
702,v-N340,R TRUE BLUE,"[[1.03571429]
 [0.82692308]]"
703,v-N340,WIN 244,"[[1.23404255]
 [1.82978723]]"
704,v-N340,WIN 572,"[[1.07407407]
 [1.59259259]]"
705,v-N340,AUTOCOMP,"[[1.23404255]
 [1.14666667]]"
706,v-N340,IMR TARGET,"[[1.48717949]
 [2.20512821]]"
707,v-N340,HS6,"[[0.89230769]
 [0.87755102]]"
708,v-N340,SR4756,"[[1.09433962]
 [1.43333333]]"
709,v-N340,UNIVERSAL,"[[1.23404255]
 [1.21126761]]"
710,v-N340,ACCUR #2,"[[1.34883721]
 [1.26470588]]"
711,v-N340,TITEGROUP,"[[1.34883721]
 [1.26470588]]"
712,v-N340,SR7625,"[[1.28888889]
 [1.48275862]]"
713,v-N340,POWER PISTOL,"[[1.07407407]
 [0.93478261]]"
714,v-N340,UNIQUE,"[[1.16      ]
 [1.02380952]]"
715,v-N340,IMR 700X,"[[1.61111111]
 [1.91111111]]"
716,v-N340,CLAYS,"[[1.65714286]
 [2.45714286]]"
717,v-N340,WIN 296,"[[0.27619048]
 [0.40952381]]"
718,v-N340,H110,"[[0.27619048]
 [0.40952381]]"
719,v-N340,H4227,"[[0.32222222]
 [0.47777778]]"
720,v-N340,v-N110,"[[0.3452381 ]
 [0.51190476]]"
721,v-N340,R ENFORCER,"[[0.35802469]
 [0.5308642 ]]"
722,v-N340,LONGSHORT,"[[0.66666667]
 [0.98850575]]"
723,v-N340,HS6,"[[0.89230769]
 [0.87755102]]"
724,v-N340,v-N350,"[[0.89230769]
 [0.89583333]]"
725,v-N340,v-N340,"[[1.]
 [1.]]"
726,v-N340,WIN 231,"[[0.79452055]
 [1.17808219]]"
727,v-N340,HP38,"[[0.79452055]
 [1.17808219]]"
728,v-N340,TITEGROUP,"[[1.34883721]
 [1.26470588]]"
729,v-N340,CFE PISTOL,"[[1.07407407]
 [1.24637681]]"
730,v-N340,R TRUE BLUE,"[[1.03571429]
 [0.82692308]]"
731,v-N340,AUTOCOMP,"[[1.23404255]
 [1.14666667]]"
732,v-N340,UNIVERSAL,"[[1.23404255]
 [1.21126761]]"
733,v-N340,ACCUR #7,"[[0.53211009]
 [0.78899083]]"
734,v-N340,ACCUR #5,"[[0.95081967]
 [0.89583333]]"
735,v-N340,SR4756,"[[1.09433962]
 [1.43333333]]"
736,v-N340,HERC 2400,"[[0.37662338]
 [0.55844156]]"
737,v-N340,SR7625,"[[1.28888889]
 [1.48275862]]"
738,v-N340,IMR 700X,"[[1.61111111]
 [1.91111111]]"
739,v-N340,v-N320,"[[1.18367347]
 [1.24637681]]"
740,v-N340,POWER PISTOL,"[[1.07407407]
 [0.93478261]]"
741,v-N340,UNIQUE,"[[1.16      ]
 [1.02380952]]"
742,v-N340,v-N310,"[[0.96666667]
 [1.43333333]]"
743,v-N340,IMR PB,"[[1.28888889]
 [1.91111111]]"
744,v-N340,ACCUR #2,"[[1.34883721]
 [1.26470588]]"
745,CFE PISTOL,v-N320,"[[1.10204082]
 [1.        ]]"
746,CFE PISTOL,R SILHOUETTE,"[[0.93103448]
 [1.18965517]]"
747,CFE PISTOL,ACCUR #5,"[[0.8852459]
 [0.71875  ]]"
748,CFE PISTOL,R TRUE BLUE,"[[0.96428571]
 [0.66346154]]"
749,CFE PISTOL,WIN 244,"[[1.14893617]
 [1.46808511]]"
750,CFE PISTOL,WIN 572,"[[1.        ]
 [1.27777778]]"
751,CFE PISTOL,AUTOCOMP,"[[1.14893617]
 [0.92      ]]"
752,CFE PISTOL,IMR TARGET,"[[1.38461538]
 [1.76923077]]"
753,CFE PISTOL,HS6,"[[0.83076923]
 [0.70408163]]"
754,CFE PISTOL,SR4756,"[[1.01886792]
 [1.15      ]]"
755,CFE PISTOL,UNIVERSAL,"[[1.14893617]
 [0.97183099]]"
756,CFE PISTOL,ACCUR #2,"[[1.25581395]
 [1.01470588]]"
757,CFE PISTOL,TITEGROUP,"[[1.25581395]
 [1.01470588]]"
758,CFE PISTOL,SR7625,"[[1.2       ]
 [1.18965517]]"
759,CFE PISTOL,POWER PISTOL,"[[1.  ]
 [0.75]]"
760,CFE PISTOL,UNIQUE,"[[1.08      ]
 [0.82142857]]"
761,CFE PISTOL,IMR 700X,"[[1.5       ]
 [1.53333333]]"
762,CFE PISTOL,CLAYS,"[[1.54285714]
 [1.97142857]]"
763,CFE PISTOL,WIN 296,"[[0.25714286]
 [0.32857143]]"
764,CFE PISTOL,H110,"[[0.25714286]
 [0.32857143]]"
765,CFE PISTOL,H4227,"[[0.3       ]
 [0.38333333]]"
766,CFE PISTOL,v-N110,"[[0.32142857]
 [0.41071429]]"
767,CFE PISTOL,R ENFORCER,"[[0.33333333]
 [0.42592593]]"
768,CFE PISTOL,LONGSHORT,"[[0.62068966]
 [0.79310345]]"
769,CFE PISTOL,HS6,"[[0.83076923]
 [0.70408163]]"
770,CFE PISTOL,v-N350,"[[0.83076923]
 [0.71875   ]]"
771,CFE PISTOL,v-N340,"[[0.93103448]
 [0.80232558]]"
772,CFE PISTOL,WIN 231,"[[0.73972603]
 [0.94520548]]"
773,CFE PISTOL,HP38,"[[0.73972603]
 [0.94520548]]"
774,CFE PISTOL,TITEGROUP,"[[1.25581395]
 [1.01470588]]"
775,CFE PISTOL,CFE PISTOL,"[[1.]
 [1.]]"
776,CFE PISTOL,R TRUE BLUE,"[[0.96428571]
 [0.66346154]]"
777,CFE PISTOL,AUTOCOMP,"[[1.14893617]
 [0.92      ]]"
778,CFE PISTOL,UNIVERSAL,"[[1.14893617]
 [0.97183099]]"
779,CFE PISTOL,ACCUR #7,"[[0.49541284]
 [0.63302752]]"
780,CFE PISTOL,ACCUR #5,"[[0.8852459]
 [0.71875  ]]"
781,CFE PISTOL,SR4756,"[[1.01886792]
 [1.15      ]]"
782,CFE PISTOL,HERC 2400,"[[0.35064935]
 [0.44805195]]"
783,CFE PISTOL,SR7625,"[[1.2       ]
 [1.18965517]]"
784,CFE PISTOL,IMR 700X,"[[1.5       ]
 [1.53333333]]"
785,CFE PISTOL,v-N320,"[[1.10204082]
 [1.        ]]"
786,CFE PISTOL,POWER PISTOL,"[[1.  ]
 [0.75]]"
787,CFE PISTOL,UNIQUE,"[[1.08      ]
 [0.82142857]]"
788,CFE PISTOL,v-N310,"[[0.9 ]
 [1.15]]"
789,CFE PISTOL,IMR PB,"[[1.2       ]
 [1.53333333]]"
790,CFE PISTOL,ACCUR #2,"[[1.25581395]
 [1.01470588]]"
791,v-N320,R SILHOUETTE,"[[0.84482759]
 [1.18965517]]"
792,v-N320,ACCUR #5,"[[0.80327869]
 [0.71875   ]]"
793,v-N320,R TRUE BLUE,"[[0.875     ]
 [0.66346154]]"
794,v-N320,WIN 244,"[[1.04255319]
 [1.46808511]]"
795,v-N320,WIN 572,"[[0.90740741]
 [1.27777778]]"
796,v-N320,AUTOCOMP,"[[1.04255319]
 [0.92      ]]"
797,v-N320,IMR TARGET,"[[1.25641026]
 [1.76923077]]"
798,v-N320,HS6,"[[0.75384615]
 [0.70408163]]"
799,v-N320,SR4756,"[[0.9245283]
 [1.15     ]]"
800,v-N320,UNIVERSAL,"[[1.04255319]
 [0.97183099]]"
801,v-N320,ACCUR #2,"[[1.13953488]
 [1.01470588]]"
802,v-N320,TITEGROUP,"[[1.13953488]
 [1.01470588]]"
803,v-N320,SR7625,"[[1.08888889]
 [1.18965517]]"
804,v-N320,POWER PISTOL,"[[0.90740741]
 [0.75      ]]"
805,v-N320,UNIQUE,"[[0.98      ]
 [0.82142857]]"
806,v-N320,IMR 700X,"[[1.36111111]
 [1.53333333]]"
807,v-N320,CLAYS,"[[1.4       ]
 [1.97142857]]"
808,v-N320,WIN 296,"[[0.23333333]
 [0.32857143]]"
809,v-N320,H110,"[[0.23333333]
 [0.32857143]]"
810,v-N320,H4227,"[[0.27222222]
 [0.38333333]]"
811,v-N320,v-N110,"[[0.29166667]
 [0.41071429]]"
812,v-N320,R ENFORCER,"[[0.30246914]
 [0.42592593]]"
813,v-N320,LONGSHORT,"[[0.56321839]
 [0.79310345]]"
814,v-N320,HS6,"[[0.75384615]
 [0.70408163]]"
815,v-N320,v-N350,"[[0.75384615]
 [0.71875   ]]"
816,v-N320,v-N340,"[[0.84482759]
 [0.80232558]]"
817,v-N320,WIN 231,"[[0.67123288]
 [0.94520548]]"
818,v-N320,HP38,"[[0.67123288]
 [0.94520548]]"
819,v-N320,TITEGROUP,"[[1.13953488]
 [1.01470588]]"
820,v-N320,CFE PISTOL,"[[0.90740741]
 [1.        ]]"
821,v-N320,R TRUE BLUE,"[[0.875     ]
 [0.66346154]]"
822,v-N320,AUTOCOMP,"[[1.04255319]
 [0.92      ]]"
823,v-N320,UNIVERSAL,"[[1.04255319]
 [0.97183099]]"
824,v-N320,ACCUR #7,"[[0.44954128]
 [0.63302752]]"
825,v-N320,ACCUR #5,"[[0.80327869]
 [0.71875   ]]"
826,v-N320,SR4756,"[[0.9245283]
 [1.15     ]]"
827,v-N320,HERC 2400,"[[0.31818182]
 [0.44805195]]"
828,v-N320,SR7625,"[[1.08888889]
 [1.18965517]]"
829,v-N320,IMR 700X,"[[1.36111111]
 [1.53333333]]"
830,v-N320,v-N320,"[[1.]
 [1.]]"
831,v-N320,POWER PISTOL,"[[0.90740741]
 [0.75      ]]"
832,v-N320,UNIQUE,"[[0.98      ]
 [0.82142857]]"
833,v-N320,v-N310,"[[0.81666667]
 [1.15      ]]"
834,v-N320,IMR PB,"[[1.08888889]
 [1.53333333]]"
835,v-N320,ACCUR #2,"[[1.13953488]
 [1.01470588]]"
836,R SILHOUETTE,ACCUR #5,"[[0.95081967]
 [0.60416667]]"
837,R SILHOUETTE,R TRUE BLUE,"[[1.03571429]
 [0.55769231]]"
838,R SILHOUETTE,WIN 244,[[1.23404255]]
839,R SILHOUETTE,WIN 572,[[1.07407407]]
840,R SILHOUETTE,AUTOCOMP,"[[1.23404255]
 [0.77333333]]"
841,R SILHOUETTE,IMR TARGET,[[1.48717949]]
842,R SILHOUETTE,HS6,"[[0.89230769]
 [0.59183673]]"
843,R SILHOUETTE,SR4756,"[[1.09433962]
 [0.96666667]]"
844,R SILHOUETTE,UNIVERSAL,"[[1.23404255]
 [0.81690141]]"
845,R SILHOUETTE,ACCUR #2,"[[1.34883721]
 [0.85294118]]"
846,R SILHOUETTE,TITEGROUP,"[[1.34883721]
 [0.85294118]]"
847,R SILHOUETTE,SR7625,"[[1.28888889]
 [1.        ]]"
848,R SILHOUETTE,POWER PISTOL,"[[1.07407407]
 [0.63043478]]"
849,R SILHOUETTE,UNIQUE,"[[1.16      ]
 [0.69047619]]"
850,R SILHOUETTE,IMR 700X,"[[1.61111111]
 [1.28888889]]"
851,R SILHOUETTE,CLAYS,[[1.65714286]]
852,R SILHOUETTE,WIN 296,[[0.27619048]]
853,R SILHOUETTE,H110,[[0.27619048]]
854,R SILHOUETTE,H4227,[[0.32222222]]
855,R SILHOUETTE,v-N110,[[0.3452381]]
856,R SILHOUETTE,R ENFORCER,[[0.35802469]]
857,R SILHOUETTE,LONGSHORT,[[0.66666667]]
858,R SILHOUETTE,HS6,"[[0.89230769]
 [0.59183673]]"
859,R SILHOUETTE,v-N350,"[[0.89230769]
 [0.60416667]]"
860,R SILHOUETTE,v-N340,"[[1.       ]
 [0.6744186]]"
861,R SILHOUETTE,WIN 231,[[0.79452055]]
862,R SILHOUETTE,HP38,[[0.79452055]]
863,R SILHOUETTE,TITEGROUP,"[[1.34883721]
 [0.85294118]]"
864,R SILHOUETTE,CFE PISTOL,"[[1.07407407]
 [0.84057971]]"
865,R SILHOUETTE,R TRUE BLUE,"[[1.03571429]
 [0.55769231]]"
866,R SILHOUETTE,AUTOCOMP,"[[1.23404255]
 [0.77333333]]"
867,R SILHOUETTE,UNIVERSAL,"[[1.23404255]
 [0.81690141]]"
868,R SILHOUETTE,ACCUR #7,[[0.53211009]]
869,R SILHOUETTE,ACCUR #5,"[[0.95081967]
 [0.60416667]]"
870,R SILHOUETTE,SR4756,"[[1.09433962]
 [0.96666667]]"
871,R SILHOUETTE,HERC 2400,[[0.37662338]]
872,R SILHOUETTE,SR7625,"[[1.28888889]
 [1.        ]]"
873,R SILHOUETTE,IMR 700X,"[[1.61111111]
 [1.28888889]]"
874,R SILHOUETTE,v-N320,"[[1.18367347]
 [0.84057971]]"
875,R SILHOUETTE,POWER PISTOL,"[[1.07407407]
 [0.63043478]]"
876,R SILHOUETTE,UNIQUE,"[[1.16      ]
 [0.69047619]]"
877,R SILHOUETTE,v-N310,[[0.96666667]]
878,R SILHOUETTE,IMR PB,[[1.28888889]]
879,R SILHOUETTE,ACCUR #2,"[[1.34883721]
 [0.85294118]]"
880,ACCUR #5,R TRUE BLUE,"[[1.08928571]
 [0.92307692]]"
881,ACCUR #5,WIN 244,"[[1.29787234]
 [2.04255319]]"
882,ACCUR #5,WIN 572,"[[1.12962963]
 [1.77777778]]"
883,ACCUR #5,AUTOCOMP,"[[1.29787234]
 [1.28      ]]"
884,ACCUR #5,IMR TARGET,"[[1.56410256]
 [2.46153846]]"
885,ACCUR #5,HS6,"[[0.93846154]
 [0.97959184]]"
886,ACCUR #5,SR4756,"[[1.1509434]
 [1.6      ]]"
887,ACCUR #5,UNIVERSAL,"[[1.29787234]
 [1.35211268]]"
888,ACCUR #5,ACCUR #2,"[[1.41860465]
 [1.41176471]]"
889,ACCUR #5,TITEGROUP,"[[1.41860465]
 [1.41176471]]"
890,ACCUR #5,SR7625,"[[1.35555556]
 [1.65517241]]"
891,ACCUR #5,POWER PISTOL,"[[1.12962963]
 [1.04347826]]"
892,ACCUR #5,UNIQUE,"[[1.22      ]
 [1.14285714]]"
893,ACCUR #5,IMR 700X,"[[1.69444444]
 [2.13333333]]"
894,ACCUR #5,CLAYS,"[[1.74285714]
 [2.74285714]]"
895,ACCUR #5,WIN 296,"[[0.29047619]
 [0.45714286]]"
896,ACCUR #5,H110,"[[0.29047619]
 [0.45714286]]"
897,ACCUR #5,H4227,"[[0.33888889]
 [0.53333333]]"
898,ACCUR #5,v-N110,"[[0.36309524]
 [0.57142857]]"
899,ACCUR #5,R ENFORCER,"[[0.37654321]
 [0.59259259]]"
900,ACCUR #5,LONGSHORT,"[[0.70114943]
 [1.10344828]]"
901,ACCUR #5,HS6,"[[0.93846154]
 [0.97959184]]"
902,ACCUR #5,v-N350,"[[0.93846154]
 [1.        ]]"
903,ACCUR #5,v-N340,"[[1.05172414]
 [1.11627907]]"
904,ACCUR #5,WIN 231,"[[0.83561644]
 [1.31506849]]"
905,ACCUR #5,HP38,"[[0.83561644]
 [1.31506849]]"
906,ACCUR #5,TITEGROUP,"[[1.41860465]
 [1.41176471]]"
907,ACCUR #5,CFE PISTOL,"[[1.12962963]
 [1.39130435]]"
908,ACCUR #5,R TRUE BLUE,"[[1.08928571]
 [0.92307692]]"
909,ACCUR #5,AUTOCOMP,"[[1.29787234]
 [1.28      ]]"
910,ACCUR #5,UNIVERSAL,"[[1.29787234]
 [1.35211268]]"
911,ACCUR #5,ACCUR #7,"[[0.55963303]
 [0.88073394]]"
912,ACCUR #5,ACCUR #5,"[[1.]
 [1.]]"
913,ACCUR #5,SR4756,"[[1.1509434]
 [1.6      ]]"
914,ACCUR #5,HERC 2400,"[[0.3961039 ]
 [0.62337662]]"
915,ACCUR #5,SR7625,"[[1.35555556]
 [1.65517241]]"
916,ACCUR #5,IMR 700X,"[[1.69444444]
 [2.13333333]]"
917,ACCUR #5,v-N320,"[[1.24489796]
 [1.39130435]]"
918,ACCUR #5,POWER PISTOL,"[[1.12962963]
 [1.04347826]]"
919,ACCUR #5,UNIQUE,"[[1.22      ]
 [1.14285714]]"
920,ACCUR #5,v-N310,"[[1.01666667]
 [1.6       ]]"
921,ACCUR #5,IMR PB,"[[1.35555556]
 [2.13333333]]"
922,ACCUR #5,ACCUR #2,"[[1.41860465]
 [1.41176471]]"
923,R TRUE BLUE,WIN 244,"[[1.19148936]
 [2.21276596]]"
924,R TRUE BLUE,WIN 572,"[[1.03703704]
 [1.92592593]]"
925,R TRUE BLUE,AUTOCOMP,"[[1.19148936]
 [1.38666667]]"
926,R TRUE BLUE,IMR TARGET,"[[1.43589744]
 [2.66666667]]"
927,R TRUE BLUE,HS6,"[[0.86153846]
 [1.06122449]]"
928,R TRUE BLUE,SR4756,"[[1.05660377]
 [1.73333333]]"
929,R TRUE BLUE,UNIVERSAL,"[[1.19148936]
 [1.46478873]]"
930,R TRUE BLUE,ACCUR #2,"[[1.30232558]
 [1.52941176]]"
931,R TRUE BLUE,TITEGROUP,"[[1.30232558]
 [1.52941176]]"
932,R TRUE BLUE,SR7625,"[[1.24444444]
 [1.79310345]]"
933,R TRUE BLUE,POWER PISTOL,"[[1.03703704]
 [1.13043478]]"
934,R TRUE BLUE,UNIQUE,"[[1.12      ]
 [1.23809524]]"
935,R TRUE BLUE,IMR 700X,"[[1.55555556]
 [2.31111111]]"
936,R TRUE BLUE,CLAYS,"[[1.6       ]
 [2.97142857]]"
937,R TRUE BLUE,WIN 296,"[[0.26666667]
 [0.4952381 ]]"
938,R TRUE BLUE,H110,"[[0.26666667]
 [0.4952381 ]]"
939,R TRUE BLUE,H4227,"[[0.31111111]
 [0.57777778]]"
940,R TRUE BLUE,v-N110,"[[0.33333333]
 [0.61904762]]"
941,R TRUE BLUE,R ENFORCER,"[[0.34567901]
 [0.64197531]]"
942,R TRUE BLUE,LONGSHORT,"[[0.64367816]
 [1.1954023 ]]"
943,R TRUE BLUE,HS6,"[[0.86153846]
 [1.06122449]]"
944,R TRUE BLUE,v-N350,"[[0.86153846]
 [1.08333333]]"
945,R TRUE BLUE,v-N340,"[[0.96551724]
 [1.20930233]]"
946,R TRUE BLUE,WIN 231,"[[0.76712329]
 [1.42465753]]"
947,R TRUE BLUE,HP38,"[[0.76712329]
 [1.42465753]]"
948,R TRUE BLUE,TITEGROUP,"[[1.30232558]
 [1.52941176]]"
949,R TRUE BLUE,CFE PISTOL,"[[1.03703704]
 [1.50724638]]"
950,R TRUE BLUE,R TRUE BLUE,"[[1.]
 [1.]]"
951,R TRUE BLUE,AUTOCOMP,"[[1.19148936]
 [1.38666667]]"
952,R TRUE BLUE,UNIVERSAL,"[[1.19148936]
 [1.46478873]]"
953,R TRUE BLUE,ACCUR #7,"[[0.51376147]
 [0.95412844]]"
954,R TRUE BLUE,ACCUR #5,"[[0.91803279]
 [1.08333333]]"
955,R TRUE BLUE,SR4756,"[[1.05660377]
 [1.73333333]]"
956,R TRUE BLUE,HERC 2400,"[[0.36363636]
 [0.67532468]]"
957,R TRUE BLUE,SR7625,"[[1.24444444]
 [1.79310345]]"
958,R TRUE BLUE,IMR 700X,"[[1.55555556]
 [2.31111111]]"
959,R TRUE BLUE,v-N320,"[[1.14285714]
 [1.50724638]]"
960,R TRUE BLUE,POWER PISTOL,"[[1.03703704]
 [1.13043478]]"
961,R TRUE BLUE,UNIQUE,"[[1.12      ]
 [1.23809524]]"
962,R TRUE BLUE,v-N310,"[[0.93333333]
 [1.73333333]]"
963,R TRUE BLUE,IMR PB,"[[1.24444444]
 [2.31111111]]"
964,R TRUE BLUE,ACCUR #2,"[[1.30232558]
 [1.52941176]]"
965,WIN 244,WIN 572,[[0.87037037]]
966,WIN 244,AUTOCOMP,"[[1.        ]
 [0.62666667]]"
967,WIN 244,IMR TARGET,[[1.20512821]]
968,WIN 244,HS6,"[[0.72307692]
 [0.47959184]]"
969,WIN 244,SR4756,"[[0.88679245]
 [0.78333333]]"
970,WIN 244,UNIVERSAL,"[[1.        ]
 [0.66197183]]"
971,WIN 244,ACCUR #2,"[[1.09302326]
 [0.69117647]]"
972,WIN 244,TITEGROUP,"[[1.09302326]
 [0.69117647]]"
973,WIN 244,SR7625,"[[1.04444444]
 [0.81034483]]"
974,WIN 244,POWER PISTOL,"[[0.87037037]
 [0.51086957]]"
975,WIN 244,UNIQUE,"[[0.94      ]
 [0.55952381]]"
976,WIN 244,IMR 700X,"[[1.30555556]
 [1.04444444]]"
977,WIN 244,CLAYS,[[1.34285714]]
978,WIN 244,WIN 296,[[0.22380952]]
979,WIN 244,H110,[[0.22380952]]
980,WIN 244,H4227,[[0.26111111]]
981,WIN 244,v-N110,[[0.2797619]]
982,WIN 244,R ENFORCER,[[0.29012346]]
983,WIN 244,LONGSHORT,[[0.54022989]]
984,WIN 244,HS6,"[[0.72307692]
 [0.47959184]]"
985,WIN 244,v-N350,"[[0.72307692]
 [0.48958333]]"
986,WIN 244,v-N340,"[[0.81034483]
 [0.54651163]]"
987,WIN 244,WIN 231,[[0.64383562]]
988,WIN 244,HP38,[[0.64383562]]
989,WIN 244,TITEGROUP,"[[1.09302326]
 [0.69117647]]"
990,WIN 244,CFE PISTOL,"[[0.87037037]
 [0.68115942]]"
991,WIN 244,R TRUE BLUE,"[[0.83928571]
 [0.45192308]]"
992,WIN 244,AUTOCOMP,"[[1.        ]
 [0.62666667]]"
993,WIN 244,UNIVERSAL,"[[1.        ]
 [0.66197183]]"
994,WIN 244,ACCUR #7,[[0.43119266]]
995,WIN 244,ACCUR #5,"[[0.7704918 ]
 [0.48958333]]"
996,WIN 244,SR4756,"[[0.88679245]
 [0.78333333]]"
997,WIN 244,HERC 2400,[[0.30519481]]
998,WIN 244,SR7625,"[[1.04444444]
 [0.81034483]]"
999,WIN 244,IMR 700X,"[[1.30555556]
 [1.04444444]]"
1000,WIN 244,v-N320,"[[0.95918367]
 [0.68115942]]"
1001,WIN 244,POWER PISTOL,"[[0.87037037]
 [0.51086957]]"
1002,WIN 244,UNIQUE,"[[0.94      ]
 [0.55952381]]"
1003,WIN 244,v-N310,[[0.78333333]]
1004,WIN 244,IMR PB,[[1.04444444]]
1005,WIN 244,ACCUR #2,"[[1.09302326]
 [0.69117647]]"
1006,WIN 572,AUTOCOMP,"[[1.14893617]
 [0.72      ]]"
1007,WIN 572,IMR TARGET,[[1.38461538]]
1008,WIN 572,HS6,"[[0.83076923]
 [0.55102041]]"
1009,WIN 572,SR4756,"[[1.01886792]
 [0.9       ]]"
1010,WIN 572,UNIVERSAL,"[[1.14893617]
 [0.76056338]]"
1011,WIN 572,ACCUR #2,"[[1.25581395]
 [0.79411765]]"
1012,WIN 572,TITEGROUP,"[[1.25581395]
 [0.79411765]]"
1013,WIN 572,SR7625,"[[1.2       ]
 [0.93103448]]"
1014,WIN 572,POWER PISTOL,"[[1.        ]
 [0.58695652]]"
1015,WIN 572,UNIQUE,"[[1.08      ]
 [0.64285714]]"
1016,WIN 572,IMR 700X,"[[1.5]
 [1.2]]"
1017,WIN 572,CLAYS,[[1.54285714]]
1018,WIN 572,WIN 296,[[0.25714286]]
1019,WIN 572,H110,[[0.25714286]]
1020,WIN 572,H4227,[[0.3]]
1021,WIN 572,v-N110,[[0.32142857]]
1022,WIN 572,R ENFORCER,[[0.33333333]]
1023,WIN 572,LONGSHORT,[[0.62068966]]
1024,WIN 572,HS6,"[[0.83076923]
 [0.55102041]]"
1025,WIN 572,v-N350,"[[0.83076923]
 [0.5625    ]]"
1026,WIN 572,v-N340,"[[0.93103448]
 [0.62790698]]"
1027,WIN 572,WIN 231,[[0.73972603]]
1028,WIN 572,HP38,[[0.73972603]]
1029,WIN 572,TITEGROUP,"[[1.25581395]
 [0.79411765]]"
1030,WIN 572,CFE PISTOL,"[[1.       ]
 [0.7826087]]"
1031,WIN 572,R TRUE BLUE,"[[0.96428571]
 [0.51923077]]"
1032,WIN 572,AUTOCOMP,"[[1.14893617]
 [0.72      ]]"
1033,WIN 572,UNIVERSAL,"[[1.14893617]
 [0.76056338]]"
1034,WIN 572,ACCUR #7,[[0.49541284]]
1035,WIN 572,ACCUR #5,"[[0.8852459]
 [0.5625   ]]"
1036,WIN 572,SR4756,"[[1.01886792]
 [0.9       ]]"
1037,WIN 572,HERC 2400,[[0.35064935]]
1038,WIN 572,SR7625,"[[1.2       ]
 [0.93103448]]"
1039,WIN 572,IMR 700X,"[[1.5]
 [1.2]]"
1040,WIN 572,v-N320,"[[1.10204082]
 [0.7826087 ]]"
1041,WIN 572,POWER PISTOL,"[[1.        ]
 [0.58695652]]"
1042,WIN 572,UNIQUE,"[[1.08      ]
 [0.64285714]]"
1043,WIN 572,v-N310,[[0.9]]
1044,WIN 572,IMR PB,[[1.2]]
1045,WIN 572,ACCUR #2,"[[1.25581395]
 [0.79411765]]"
1046,AUTOCOMP,IMR TARGET,"[[1.20512821]
 [1.92307692]]"
1047,AUTOCOMP,HS6,"[[0.72307692]
 [0.76530612]]"
1048,AUTOCOMP,SR4756,"[[0.88679245]
 [1.25      ]]"
1049,AUTOCOMP,UNIVERSAL,"[[1.        ]
 [1.05633803]]"
1050,AUTOCOMP,ACCUR #2,"[[1.09302326]
 [1.10294118]]"
1051,AUTOCOMP,TITEGROUP,"[[1.09302326]
 [1.10294118]]"
1052,AUTOCOMP,SR7625,"[[1.04444444]
 [1.29310345]]"
1053,AUTOCOMP,POWER PISTOL,"[[0.87037037]
 [0.81521739]]"
1054,AUTOCOMP,UNIQUE,"[[0.94      ]
 [0.89285714]]"
1055,AUTOCOMP,IMR 700X,"[[1.30555556]
 [1.66666667]]"
1056,AUTOCOMP,CLAYS,"[[1.34285714]
 [2.14285714]]"
1057,AUTOCOMP,WIN 296,"[[0.22380952]
 [0.35714286]]"
1058,AUTOCOMP,H110,"[[0.22380952]
 [0.35714286]]"
1059,AUTOCOMP,H4227,"[[0.26111111]
 [0.41666667]]"
1060,AUTOCOMP,v-N110,"[[0.2797619 ]
 [0.44642857]]"
1061,AUTOCOMP,R ENFORCER,"[[0.29012346]
 [0.46296296]]"
1062,AUTOCOMP,LONGSHORT,"[[0.54022989]
 [0.86206897]]"
1063,AUTOCOMP,HS6,"[[0.72307692]
 [0.76530612]]"
1064,AUTOCOMP,v-N350,"[[0.72307692]
 [0.78125   ]]"
1065,AUTOCOMP,v-N340,"[[0.81034483]
 [0.87209302]]"
1066,AUTOCOMP,WIN 231,"[[0.64383562]
 [1.02739726]]"
1067,AUTOCOMP,HP38,"[[0.64383562]
 [1.02739726]]"
1068,AUTOCOMP,TITEGROUP,"[[1.09302326]
 [1.10294118]]"
1069,AUTOCOMP,CFE PISTOL,"[[0.87037037]
 [1.08695652]]"
1070,AUTOCOMP,R TRUE BLUE,"[[0.83928571]
 [0.72115385]]"
1071,AUTOCOMP,AUTOCOMP,"[[1.]
 [1.]]"
1072,AUTOCOMP,UNIVERSAL,"[[1.        ]
 [1.05633803]]"
1073,AUTOCOMP,ACCUR #7,"[[0.43119266]
 [0.68807339]]"
1074,AUTOCOMP,ACCUR #5,"[[0.7704918]
 [0.78125  ]]"
1075,AUTOCOMP,SR4756,"[[0.88679245]
 [1.25      ]]"
1076,AUTOCOMP,HERC 2400,"[[0.30519481]
 [0.48701299]]"
1077,AUTOCOMP,SR7625,"[[1.04444444]
 [1.29310345]]"
1078,AUTOCOMP,IMR 700X,"[[1.30555556]
 [1.66666667]]"
1079,AUTOCOMP,v-N320,"[[0.95918367]
 [1.08695652]]"
1080,AUTOCOMP,POWER PISTOL,"[[0.87037037]
 [0.81521739]]"
1081,AUTOCOMP,UNIQUE,"[[0.94      ]
 [0.89285714]]"
1082,AUTOCOMP,v-N310,"[[0.78333333]
 [1.25      ]]"
1083,AUTOCOMP,IMR PB,"[[1.04444444]
 [1.66666667]]"
1084,AUTOCOMP,ACCUR #2,"[[1.09302326]
 [1.10294118]]"
1085,IMR TARGET,HS6,"[[0.6       ]
 [0.39795918]]"
1086,IMR TARGET,SR4756,"[[0.73584906]
 [0.65      ]]"
1087,IMR TARGET,UNIVERSAL,"[[0.82978723]
 [0.54929577]]"
1088,IMR TARGET,ACCUR #2,"[[0.90697674]
 [0.57352941]]"
1089,IMR TARGET,TITEGROUP,"[[0.90697674]
 [0.57352941]]"
1090,IMR TARGET,SR7625,"[[0.86666667]
 [0.67241379]]"
1091,IMR TARGET,POWER PISTOL,"[[0.72222222]
 [0.42391304]]"
1092,IMR TARGET,UNIQUE,"[[0.78      ]
 [0.46428571]]"
1093,IMR TARGET,IMR 700X,"[[1.08333333]
 [0.86666667]]"
1094,IMR TARGET,CLAYS,[[1.11428571]]
1095,IMR TARGET,WIN 296,[[0.18571429]]
1096,IMR TARGET,H110,[[0.18571429]]
1097,IMR TARGET,H4227,[[0.21666667]]
1098,IMR TARGET,v-N110,[[0.23214286]]
1099,IMR TARGET,R ENFORCER,[[0.24074074]]
1100,IMR TARGET,LONGSHORT,[[0.44827586]]
1101,IMR TARGET,HS6,"[[0.6       ]
 [0.39795918]]"
1102,IMR TARGET,v-N350,"[[0.6    ]
 [0.40625]]"
1103,IMR TARGET,v-N340,"[[0.67241379]
 [0.45348837]]"
1104,IMR TARGET,WIN 231,[[0.53424658]]
1105,IMR TARGET,HP38,[[0.53424658]]
1106,IMR TARGET,TITEGROUP,"[[0.90697674]
 [0.57352941]]"
1107,IMR TARGET,CFE PISTOL,"[[0.72222222]
 [0.56521739]]"
1108,IMR TARGET,R TRUE BLUE,"[[0.69642857]
 [0.375     ]]"
1109,IMR TARGET,AUTOCOMP,"[[0.82978723]
 [0.52      ]]"
1110,IMR TARGET,UNIVERSAL,"[[0.82978723]
 [0.54929577]]"
1111,IMR TARGET,ACCUR #7,[[0.35779817]]
1112,IMR TARGET,ACCUR #5,"[[0.63934426]
 [0.40625   ]]"
1113,IMR TARGET,SR4756,"[[0.73584906]
 [0.65      ]]"
1114,IMR TARGET,HERC 2400,[[0.25324675]]
1115,IMR TARGET,SR7625,"[[0.86666667]
 [0.67241379]]"
1116,IMR TARGET,IMR 700X,"[[1.08333333]
 [0.86666667]]"
1117,IMR TARGET,v-N320,"[[0.79591837]
 [0.56521739]]"
1118,IMR TARGET,POWER PISTOL,"[[0.72222222]
 [0.42391304]]"
1119,IMR TARGET,UNIQUE,"[[0.78      ]
 [0.46428571]]"
1120,IMR TARGET,v-N310,[[0.65]]
1121,IMR TARGET,IMR PB,[[0.86666667]]
1122,IMR TARGET,ACCUR #2,"[[0.90697674]
 [0.57352941]]"
1123,HS6,SR4756,"[[1.22641509]
 [1.63333333]]"
1124,HS6,UNIVERSAL,"[[1.38297872]
 [1.38028169]]"
1125,HS6,ACCUR #2,"[[1.51162791]
 [1.44117647]]"
1126,HS6,TITEGROUP,"[[1.51162791]
 [1.44117647]]"
1127,HS6,SR7625,"[[1.44444444]
 [1.68965517]]"
1128,HS6,POWER PISTOL,"[[1.2037037 ]
 [1.06521739]]"
1129,HS6,UNIQUE,"[[1.3       ]
 [1.16666667]]"
1130,HS6,IMR 700X,"[[1.80555556]
 [2.17777778]]"
1131,HS6,CLAYS,"[[1.85714286]
 [2.8       ]]"
1132,HS6,WIN 296,"[[0.30952381]
 [0.46666667]]"
1133,HS6,H110,"[[0.30952381]
 [0.46666667]]"
1134,HS6,H4227,"[[0.36111111]
 [0.54444444]]"
1135,HS6,v-N110,"[[0.38690476]
 [0.58333333]]"
1136,HS6,R ENFORCER,"[[0.40123457]
 [0.60493827]]"
1137,HS6,LONGSHORT,"[[0.74712644]
 [1.12643678]]"
1138,HS6,HS6,"[[1.]
 [1.]]"
1139,HS6,v-N350,"[[1.        ]
 [1.02083333]]"
1140,HS6,v-N340,"[[1.12068966]
 [1.13953488]]"
1141,HS6,WIN 231,"[[0.89041096]
 [1.34246575]]"
1142,HS6,HP38,"[[0.89041096]
 [1.34246575]]"
1143,HS6,TITEGROUP,"[[1.51162791]
 [1.44117647]]"
1144,HS6,CFE PISTOL,"[[1.2037037 ]
 [1.42028986]]"
1145,HS6,R TRUE BLUE,"[[1.16071429]
 [0.94230769]]"
1146,HS6,AUTOCOMP,"[[1.38297872]
 [1.30666667]]"
1147,HS6,UNIVERSAL,"[[1.38297872]
 [1.38028169]]"
1148,HS6,ACCUR #7,"[[0.59633028]
 [0.89908257]]"
1149,HS6,ACCUR #5,"[[1.06557377]
 [1.02083333]]"
1150,HS6,SR4756,"[[1.22641509]
 [1.63333333]]"
1151,HS6,HERC 2400,"[[0.42207792]
 [0.63636364]]"
1152,HS6,SR7625,"[[1.44444444]
 [1.68965517]]"
1153,HS6,IMR 700X,"[[1.80555556]
 [2.17777778]]"
1154,HS6,v-N320,"[[1.32653061]
 [1.42028986]]"
1155,HS6,POWER PISTOL,"[[1.2037037 ]
 [1.06521739]]"
1156,HS6,UNIQUE,"[[1.3       ]
 [1.16666667]]"
1157,HS6,v-N310,"[[1.08333333]
 [1.63333333]]"
1158,HS6,IMR PB,"[[1.44444444]
 [2.17777778]]"
1159,HS6,ACCUR #2,"[[1.51162791]
 [1.44117647]]"
1160,SR4756,UNIVERSAL,"[[1.12765957]
 [0.84507042]]"
1161,SR4756,ACCUR #2,"[[1.23255814]
 [0.88235294]]"
1162,SR4756,TITEGROUP,"[[1.23255814]
 [0.88235294]]"
1163,SR4756,SR7625,"[[1.17777778]
 [1.03448276]]"
1164,SR4756,POWER PISTOL,"[[0.98148148]
 [0.65217391]]"
1165,SR4756,UNIQUE,"[[1.06      ]
 [0.71428571]]"
1166,SR4756,IMR 700X,"[[1.47222222]
 [1.33333333]]"
1167,SR4756,CLAYS,"[[1.51428571]
 [1.71428571]]"
1168,SR4756,WIN 296,"[[0.25238095]
 [0.28571429]]"
1169,SR4756,H110,"[[0.25238095]
 [0.28571429]]"
1170,SR4756,H4227,"[[0.29444444]
 [0.33333333]]"
1171,SR4756,v-N110,"[[0.31547619]
 [0.35714286]]"
1172,SR4756,R ENFORCER,"[[0.32716049]
 [0.37037037]]"
1173,SR4756,LONGSHORT,"[[0.6091954 ]
 [0.68965517]]"
1174,SR4756,HS6,"[[0.81538462]
 [0.6122449 ]]"
1175,SR4756,v-N350,"[[0.81538462]
 [0.625     ]]"
1176,SR4756,v-N340,"[[0.9137931 ]
 [0.69767442]]"
1177,SR4756,WIN 231,"[[0.7260274 ]
 [0.82191781]]"
1178,SR4756,HP38,"[[0.7260274 ]
 [0.82191781]]"
1179,SR4756,TITEGROUP,"[[1.23255814]
 [0.88235294]]"
1180,SR4756,CFE PISTOL,"[[0.98148148]
 [0.86956522]]"
1181,SR4756,R TRUE BLUE,"[[0.94642857]
 [0.57692308]]"
1182,SR4756,AUTOCOMP,"[[1.12765957]
 [0.8       ]]"
1183,SR4756,UNIVERSAL,"[[1.12765957]
 [0.84507042]]"
1184,SR4756,ACCUR #7,"[[0.48623853]
 [0.55045872]]"
1185,SR4756,ACCUR #5,"[[0.86885246]
 [0.625     ]]"
1186,SR4756,SR4756,"[[1.]
 [1.]]"
1187,SR4756,HERC 2400,"[[0.34415584]
 [0.38961039]]"
1188,SR4756,SR7625,"[[1.17777778]
 [1.03448276]]"
1189,SR4756,IMR 700X,"[[1.47222222]
 [1.33333333]]"
1190,SR4756,v-N320,"[[1.08163265]
 [0.86956522]]"
1191,SR4756,POWER PISTOL,"[[0.98148148]
 [0.65217391]]"
1192,SR4756,UNIQUE,"[[1.06      ]
 [0.71428571]]"
1193,SR4756,v-N310,"[[0.88333333]
 [1.        ]]"
1194,SR4756,IMR PB,"[[1.17777778]
 [1.33333333]]"
1195,SR4756,ACCUR #2,"[[1.23255814]
 [0.88235294]]"
1196,UNIVERSAL,ACCUR #2,"[[1.09302326]
 [1.04411765]]"
1197,UNIVERSAL,TITEGROUP,"[[1.09302326]
 [1.04411765]]"
1198,UNIVERSAL,SR7625,"[[1.04444444]
 [1.22413793]]"
1199,UNIVERSAL,POWER PISTOL,"[[0.87037037]
 [0.77173913]]"
1200,UNIVERSAL,UNIQUE,"[[0.94     ]
 [0.8452381]]"
1201,UNIVERSAL,IMR 700X,"[[1.30555556]
 [1.57777778]]"
1202,UNIVERSAL,CLAYS,"[[1.34285714]
 [2.02857143]]"
1203,UNIVERSAL,WIN 296,"[[0.22380952]
 [0.33809524]]"
1204,UNIVERSAL,H110,"[[0.22380952]
 [0.33809524]]"
1205,UNIVERSAL,H4227,"[[0.26111111]
 [0.39444444]]"
1206,UNIVERSAL,v-N110,"[[0.2797619 ]
 [0.42261905]]"
1207,UNIVERSAL,R ENFORCER,"[[0.29012346]
 [0.4382716 ]]"
1208,UNIVERSAL,LONGSHORT,"[[0.54022989]
 [0.81609195]]"
1209,UNIVERSAL,HS6,"[[0.72307692]
 [0.7244898 ]]"
1210,UNIVERSAL,v-N350,"[[0.72307692]
 [0.73958333]]"
1211,UNIVERSAL,v-N340,"[[0.81034483]
 [0.8255814 ]]"
1212,UNIVERSAL,WIN 231,"[[0.64383562]
 [0.97260274]]"
1213,UNIVERSAL,HP38,"[[0.64383562]
 [0.97260274]]"
1214,UNIVERSAL,TITEGROUP,"[[1.09302326]
 [1.04411765]]"
1215,UNIVERSAL,CFE PISTOL,"[[0.87037037]
 [1.02898551]]"
1216,UNIVERSAL,R TRUE BLUE,"[[0.83928571]
 [0.68269231]]"
1217,UNIVERSAL,AUTOCOMP,"[[1.        ]
 [0.94666667]]"
1218,UNIVERSAL,UNIVERSAL,"[[1.]
 [1.]]"
1219,UNIVERSAL,ACCUR #7,"[[0.43119266]
 [0.65137615]]"
1220,UNIVERSAL,ACCUR #5,"[[0.7704918 ]
 [0.73958333]]"
1221,UNIVERSAL,SR4756,"[[0.88679245]
 [1.18333333]]"
1222,UNIVERSAL,HERC 2400,"[[0.30519481]
 [0.46103896]]"
1223,UNIVERSAL,SR7625,"[[1.04444444]
 [1.22413793]]"
1224,UNIVERSAL,IMR 700X,"[[1.30555556]
 [1.57777778]]"
1225,UNIVERSAL,v-N320,"[[0.95918367]
 [1.02898551]]"
1226,UNIVERSAL,POWER PISTOL,"[[0.87037037]
 [0.77173913]]"
1227,UNIVERSAL,UNIQUE,"[[0.94     ]
 [0.8452381]]"
1228,UNIVERSAL,v-N310,"[[0.78333333]
 [1.18333333]]"
1229,UNIVERSAL,IMR PB,"[[1.04444444]
 [1.57777778]]"
1230,UNIVERSAL,ACCUR #2,"[[1.09302326]
 [1.04411765]]"
1231,ACCUR #2,TITEGROUP,"[[1.]
 [1.]]"
1232,ACCUR #2,SR7625,"[[0.95555556]
 [1.17241379]]"
1233,ACCUR #2,POWER PISTOL,"[[0.7962963 ]
 [0.73913043]]"
1234,ACCUR #2,UNIQUE,"[[0.86      ]
 [0.80952381]]"
1235,ACCUR #2,IMR 700X,"[[1.19444444]
 [1.51111111]]"
1236,ACCUR #2,CLAYS,"[[1.22857143]
 [1.94285714]]"
1237,ACCUR #2,WIN 296,"[[0.2047619 ]
 [0.32380952]]"
1238,ACCUR #2,H110,"[[0.2047619 ]
 [0.32380952]]"
1239,ACCUR #2,H4227,"[[0.23888889]
 [0.37777778]]"
1240,ACCUR #2,v-N110,"[[0.25595238]
 [0.4047619 ]]"
1241,ACCUR #2,R ENFORCER,"[[0.2654321 ]
 [0.41975309]]"
1242,ACCUR #2,LONGSHORT,"[[0.49425287]
 [0.7816092 ]]"
1243,ACCUR #2,HS6,"[[0.66153846]
 [0.69387755]]"
1244,ACCUR #2,v-N350,"[[0.66153846]
 [0.70833333]]"
1245,ACCUR #2,v-N340,"[[0.74137931]
 [0.79069767]]"
1246,ACCUR #2,WIN 231,"[[0.5890411 ]
 [0.93150685]]"
1247,ACCUR #2,HP38,"[[0.5890411 ]
 [0.93150685]]"
1248,ACCUR #2,TITEGROUP,"[[1.]
 [1.]]"
1249,ACCUR #2,CFE PISTOL,"[[0.7962963 ]
 [0.98550725]]"
1250,ACCUR #2,R TRUE BLUE,"[[0.76785714]
 [0.65384615]]"
1251,ACCUR #2,AUTOCOMP,"[[0.91489362]
 [0.90666667]]"
1252,ACCUR #2,UNIVERSAL,"[[0.91489362]
 [0.95774648]]"
1253,ACCUR #2,ACCUR #7,"[[0.39449541]
 [0.62385321]]"
1254,ACCUR #2,ACCUR #5,"[[0.70491803]
 [0.70833333]]"
1255,ACCUR #2,SR4756,"[[0.81132075]
 [1.13333333]]"
1256,ACCUR #2,HERC 2400,"[[0.27922078]
 [0.44155844]]"
1257,ACCUR #2,SR7625,"[[0.95555556]
 [1.17241379]]"
1258,ACCUR #2,IMR 700X,"[[1.19444444]
 [1.51111111]]"
1259,ACCUR #2,v-N320,"[[0.87755102]
 [0.98550725]]"
1260,ACCUR #2,POWER PISTOL,"[[0.7962963 ]
 [0.73913043]]"
1261,ACCUR #2,UNIQUE,"[[0.86      ]
 [0.80952381]]"
1262,ACCUR #2,v-N310,"[[0.71666667]
 [1.13333333]]"
1263,ACCUR #2,IMR PB,"[[0.95555556]
 [1.51111111]]"
1264,ACCUR #2,ACCUR #2,"[[1.]
 [1.]]"
1265,TITEGROUP,SR7625,"[[0.95555556]
 [1.17241379]]"
1266,TITEGROUP,POWER PISTOL,"[[0.7962963 ]
 [0.73913043]]"
1267,TITEGROUP,UNIQUE,"[[0.86      ]
 [0.80952381]]"
1268,TITEGROUP,IMR 700X,"[[1.19444444]
 [1.51111111]]"
1269,TITEGROUP,CLAYS,"[[1.22857143]
 [1.94285714]]"
1270,TITEGROUP,WIN 296,"[[0.2047619 ]
 [0.32380952]]"
1271,TITEGROUP,H110,"[[0.2047619 ]
 [0.32380952]]"
1272,TITEGROUP,H4227,"[[0.23888889]
 [0.37777778]]"
1273,TITEGROUP,v-N110,"[[0.25595238]
 [0.4047619 ]]"
1274,TITEGROUP,R ENFORCER,"[[0.2654321 ]
 [0.41975309]]"
1275,TITEGROUP,LONGSHORT,"[[0.49425287]
 [0.7816092 ]]"
1276,TITEGROUP,HS6,"[[0.66153846]
 [0.69387755]]"
1277,TITEGROUP,v-N350,"[[0.66153846]
 [0.70833333]]"
1278,TITEGROUP,v-N340,"[[0.74137931]
 [0.79069767]]"
1279,TITEGROUP,WIN 231,"[[0.5890411 ]
 [0.93150685]]"
1280,TITEGROUP,HP38,"[[0.5890411 ]
 [0.93150685]]"
1281,TITEGROUP,TITEGROUP,"[[1.]
 [1.]]"
1282,TITEGROUP,CFE PISTOL,"[[0.7962963 ]
 [0.98550725]]"
1283,TITEGROUP,R TRUE BLUE,"[[0.76785714]
 [0.65384615]]"
1284,TITEGROUP,AUTOCOMP,"[[0.91489362]
 [0.90666667]]"
1285,TITEGROUP,UNIVERSAL,"[[0.91489362]
 [0.95774648]]"
1286,TITEGROUP,ACCUR #7,"[[0.39449541]
 [0.62385321]]"
1287,TITEGROUP,ACCUR #5,"[[0.70491803]
 [0.70833333]]"
1288,TITEGROUP,SR4756,"[[0.81132075]
 [1.13333333]]"
1289,TITEGROUP,HERC 2400,"[[0.27922078]
 [0.44155844]]"
1290,TITEGROUP,SR7625,"[[0.95555556]
 [1.17241379]]"
1291,TITEGROUP,IMR 700X,"[[1.19444444]
 [1.51111111]]"
1292,TITEGROUP,v-N320,"[[0.87755102]
 [0.98550725]]"
1293,TITEGROUP,POWER PISTOL,"[[0.7962963 ]
 [0.73913043]]"
1294,TITEGROUP,UNIQUE,"[[0.86      ]
 [0.80952381]]"
1295,TITEGROUP,v-N310,"[[0.71666667]
 [1.13333333]]"
1296,TITEGROUP,IMR PB,"[[0.95555556]
 [1.51111111]]"
1297,TITEGROUP,ACCUR #2,"[[1.]
 [1.]]"
1298,SR7625,POWER PISTOL,"[[0.83333333]
 [0.63043478]]"
1299,SR7625,UNIQUE,"[[0.9       ]
 [0.69047619]]"
1300,SR7625,IMR 700X,"[[1.25      ]
 [1.28888889]]"
1301,SR7625,CLAYS,"[[1.28571429]
 [1.65714286]]"
1302,SR7625,WIN 296,"[[0.21428571]
 [0.27619048]]"
1303,SR7625,H110,"[[0.21428571]
 [0.27619048]]"
1304,SR7625,H4227,"[[0.25      ]
 [0.32222222]]"
1305,SR7625,v-N110,"[[0.26785714]
 [0.3452381 ]]"
1306,SR7625,R ENFORCER,"[[0.27777778]
 [0.35802469]]"
1307,SR7625,LONGSHORT,"[[0.51724138]
 [0.66666667]]"
1308,SR7625,HS6,"[[0.69230769]
 [0.59183673]]"
1309,SR7625,v-N350,"[[0.69230769]
 [0.60416667]]"
1310,SR7625,v-N340,"[[0.77586207]
 [0.6744186 ]]"
1311,SR7625,WIN 231,"[[0.61643836]
 [0.79452055]]"
1312,SR7625,HP38,"[[0.61643836]
 [0.79452055]]"
1313,SR7625,TITEGROUP,"[[1.04651163]
 [0.85294118]]"
1314,SR7625,CFE PISTOL,"[[0.83333333]
 [0.84057971]]"
1315,SR7625,R TRUE BLUE,"[[0.80357143]
 [0.55769231]]"
1316,SR7625,AUTOCOMP,"[[0.95744681]
 [0.77333333]]"
1317,SR7625,UNIVERSAL,"[[0.95744681]
 [0.81690141]]"
1318,SR7625,ACCUR #7,"[[0.41284404]
 [0.53211009]]"
1319,SR7625,ACCUR #5,"[[0.73770492]
 [0.60416667]]"
1320,SR7625,SR4756,"[[0.8490566 ]
 [0.96666667]]"
1321,SR7625,HERC 2400,"[[0.29220779]
 [0.37662338]]"
1322,SR7625,SR7625,"[[1.]
 [1.]]"
1323,SR7625,IMR 700X,"[[1.25      ]
 [1.28888889]]"
1324,SR7625,v-N320,"[[0.91836735]
 [0.84057971]]"
1325,SR7625,POWER PISTOL,"[[0.83333333]
 [0.63043478]]"
1326,SR7625,UNIQUE,"[[0.9       ]
 [0.69047619]]"
1327,SR7625,v-N310,"[[0.75      ]
 [0.96666667]]"
1328,SR7625,IMR PB,"[[1.        ]
 [1.28888889]]"
1329,SR7625,ACCUR #2,"[[1.04651163]
 [0.85294118]]"
1330,POWER PISTOL,UNIQUE,"[[1.08     ]
 [1.0952381]]"
1331,POWER PISTOL,IMR 700X,"[[1.5       ]
 [2.04444444]]"
1332,POWER PISTOL,CLAYS,"[[1.54285714]
 [2.62857143]]"
1333,POWER PISTOL,WIN 296,"[[0.25714286]
 [0.43809524]]"
1334,POWER PISTOL,H110,"[[0.25714286]
 [0.43809524]]"
1335,POWER PISTOL,H4227,"[[0.3       ]
 [0.51111111]]"
1336,POWER PISTOL,v-N110,"[[0.32142857]
 [0.54761905]]"
1337,POWER PISTOL,R ENFORCER,"[[0.33333333]
 [0.56790123]]"
1338,POWER PISTOL,LONGSHORT,"[[0.62068966]
 [1.05747126]]"
1339,POWER PISTOL,HS6,"[[0.83076923]
 [0.93877551]]"
1340,POWER PISTOL,v-N350,"[[0.83076923]
 [0.95833333]]"
1341,POWER PISTOL,v-N340,"[[0.93103448]
 [1.06976744]]"
1342,POWER PISTOL,WIN 231,"[[0.73972603]
 [1.26027397]]"
1343,POWER PISTOL,HP38,"[[0.73972603]
 [1.26027397]]"
1344,POWER PISTOL,TITEGROUP,"[[1.25581395]
 [1.35294118]]"
1345,POWER PISTOL,CFE PISTOL,"[[1.        ]
 [1.33333333]]"
1346,POWER PISTOL,R TRUE BLUE,"[[0.96428571]
 [0.88461538]]"
1347,POWER PISTOL,AUTOCOMP,"[[1.14893617]
 [1.22666667]]"
1348,POWER PISTOL,UNIVERSAL,"[[1.14893617]
 [1.29577465]]"
1349,POWER PISTOL,ACCUR #7,"[[0.49541284]
 [0.8440367 ]]"
1350,POWER PISTOL,ACCUR #5,"[[0.8852459 ]
 [0.95833333]]"
1351,POWER PISTOL,SR4756,"[[1.01886792]
 [1.53333333]]"
1352,POWER PISTOL,HERC 2400,"[[0.35064935]
 [0.5974026 ]]"
1353,POWER PISTOL,SR7625,"[[1.2      ]
 [1.5862069]]"
1354,POWER PISTOL,IMR 700X,"[[1.5       ]
 [2.04444444]]"
1355,POWER PISTOL,v-N320,"[[1.10204082]
 [1.33333333]]"
1356,POWER PISTOL,POWER PISTOL,"[[1.]
 [1.]]"
1357,POWER PISTOL,UNIQUE,"[[1.08     ]
 [1.0952381]]"
1358,POWER PISTOL,v-N310,"[[0.9       ]
 [1.53333333]]"
1359,POWER PISTOL,IMR PB,"[[1.2       ]
 [2.04444444]]"
1360,POWER PISTOL,ACCUR #2,"[[1.25581395]
 [1.35294118]]"
1361,UNIQUE,IMR 700X,"[[1.38888889]
 [1.86666667]]"
1362,UNIQUE,CLAYS,"[[1.42857143]
 [2.4       ]]"
1363,UNIQUE,WIN 296,"[[0.23809524]
 [0.4       ]]"
1364,UNIQUE,H110,"[[0.23809524]
 [0.4       ]]"
1365,UNIQUE,H4227,"[[0.27777778]
 [0.46666667]]"
1366,UNIQUE,v-N110,"[[0.29761905]
 [0.5       ]]"
1367,UNIQUE,R ENFORCER,"[[0.30864198]
 [0.51851852]]"
1368,UNIQUE,LONGSHORT,"[[0.57471264]
 [0.96551724]]"
1369,UNIQUE,HS6,"[[0.76923077]
 [0.85714286]]"
1370,UNIQUE,v-N350,"[[0.76923077]
 [0.875     ]]"
1371,UNIQUE,v-N340,"[[0.86206897]
 [0.97674419]]"
1372,UNIQUE,WIN 231,"[[0.68493151]
 [1.15068493]]"
1373,UNIQUE,HP38,"[[0.68493151]
 [1.15068493]]"
1374,UNIQUE,TITEGROUP,"[[1.1627907 ]
 [1.23529412]]"
1375,UNIQUE,CFE PISTOL,"[[0.92592593]
 [1.2173913 ]]"
1376,UNIQUE,R TRUE BLUE,"[[0.89285714]
 [0.80769231]]"
1377,UNIQUE,AUTOCOMP,"[[1.06382979]
 [1.12      ]]"
1378,UNIQUE,UNIVERSAL,"[[1.06382979]
 [1.18309859]]"
1379,UNIQUE,ACCUR #7,"[[0.4587156]
 [0.7706422]]"
1380,UNIQUE,ACCUR #5,"[[0.81967213]
 [0.875     ]]"
1381,UNIQUE,SR4756,"[[0.94339623]
 [1.4       ]]"
1382,UNIQUE,HERC 2400,"[[0.32467532]
 [0.54545455]]"
1383,UNIQUE,SR7625,"[[1.11111111]
 [1.44827586]]"
1384,UNIQUE,IMR 700X,"[[1.38888889]
 [1.86666667]]"
1385,UNIQUE,v-N320,"[[1.02040816]
 [1.2173913 ]]"
1386,UNIQUE,POWER PISTOL,"[[0.92592593]
 [0.91304348]]"
1387,UNIQUE,UNIQUE,"[[1.]
 [1.]]"
1388,UNIQUE,v-N310,"[[0.83333333]
 [1.4       ]]"
1389,UNIQUE,IMR PB,"[[1.11111111]
 [1.86666667]]"
1390,UNIQUE,ACCUR #2,"[[1.1627907 ]
 [1.23529412]]"
1391,IMR 700X,CLAYS,"[[1.02857143]
 [1.28571429]]"
1392,IMR 700X,WIN 296,"[[0.17142857]
 [0.21428571]]"
1393,IMR 700X,H110,"[[0.17142857]
 [0.21428571]]"
1394,IMR 700X,H4227,"[[0.2 ]
 [0.25]]"
1395,IMR 700X,v-N110,"[[0.21428571]
 [0.26785714]]"
1396,IMR 700X,R ENFORCER,"[[0.22222222]
 [0.27777778]]"
1397,IMR 700X,LONGSHORT,"[[0.4137931 ]
 [0.51724138]]"
1398,IMR 700X,HS6,"[[0.55384615]
 [0.45918367]]"
1399,IMR 700X,v-N350,"[[0.55384615]
 [0.46875   ]]"
1400,IMR 700X,v-N340,"[[0.62068966]
 [0.52325581]]"
1401,IMR 700X,WIN 231,"[[0.49315068]
 [0.61643836]]"
1402,IMR 700X,HP38,"[[0.49315068]
 [0.61643836]]"
1403,IMR 700X,TITEGROUP,"[[0.8372093 ]
 [0.66176471]]"
1404,IMR 700X,CFE PISTOL,"[[0.66666667]
 [0.65217391]]"
1405,IMR 700X,R TRUE BLUE,"[[0.64285714]
 [0.43269231]]"
1406,IMR 700X,AUTOCOMP,"[[0.76595745]
 [0.6       ]]"
1407,IMR 700X,UNIVERSAL,"[[0.76595745]
 [0.63380282]]"
1408,IMR 700X,ACCUR #7,"[[0.33027523]
 [0.41284404]]"
1409,IMR 700X,ACCUR #5,"[[0.59016393]
 [0.46875   ]]"
1410,IMR 700X,SR4756,"[[0.67924528]
 [0.75      ]]"
1411,IMR 700X,HERC 2400,"[[0.23376623]
 [0.29220779]]"
1412,IMR 700X,SR7625,"[[0.8       ]
 [0.77586207]]"
1413,IMR 700X,IMR 700X,"[[1.]
 [1.]]"
1414,IMR 700X,v-N320,"[[0.73469388]
 [0.65217391]]"
1415,IMR 700X,POWER PISTOL,"[[0.66666667]
 [0.48913043]]"
1416,IMR 700X,UNIQUE,"[[0.72      ]
 [0.53571429]]"
1417,IMR 700X,v-N310,"[[0.6 ]
 [0.75]]"
1418,IMR 700X,IMR PB,"[[0.8]
 [1. ]]"
1419,IMR 700X,ACCUR #2,"[[0.8372093 ]
 [0.66176471]]"
1420,CLAYS,WIN 296,[[0.16666667]]
1421,CLAYS,H110,[[0.16666667]]
1422,CLAYS,H4227,[[0.19444444]]
1423,CLAYS,v-N110,[[0.20833333]]
1424,CLAYS,R ENFORCER,[[0.21604938]]
1425,CLAYS,LONGSHORT,[[0.40229885]]
1426,CLAYS,HS6,"[[0.53846154]
 [0.35714286]]"
1427,CLAYS,v-N350,"[[0.53846154]
 [0.36458333]]"
1428,CLAYS,v-N340,"[[0.60344828]
 [0.40697674]]"
1429,CLAYS,WIN 231,[[0.47945205]]
1430,CLAYS,HP38,[[0.47945205]]
1431,CLAYS,TITEGROUP,"[[0.81395349]
 [0.51470588]]"
1432,CLAYS,CFE PISTOL,"[[0.64814815]
 [0.50724638]]"
1433,CLAYS,R TRUE BLUE,"[[0.625     ]
 [0.33653846]]"
1434,CLAYS,AUTOCOMP,"[[0.74468085]
 [0.46666667]]"
1435,CLAYS,UNIVERSAL,"[[0.74468085]
 [0.49295775]]"
1436,CLAYS,ACCUR #7,[[0.32110092]]
1437,CLAYS,ACCUR #5,"[[0.57377049]
 [0.36458333]]"
1438,CLAYS,SR4756,"[[0.66037736]
 [0.58333333]]"
1439,CLAYS,HERC 2400,[[0.22727273]]
1440,CLAYS,SR7625,"[[0.77777778]
 [0.60344828]]"
1441,CLAYS,IMR 700X,"[[0.97222222]
 [0.77777778]]"
1442,CLAYS,v-N320,"[[0.71428571]
 [0.50724638]]"
1443,CLAYS,POWER PISTOL,"[[0.64814815]
 [0.38043478]]"
1444,CLAYS,UNIQUE,"[[0.7       ]
 [0.41666667]]"
1445,CLAYS,v-N310,[[0.58333333]]
1446,CLAYS,IMR PB,[[0.77777778]]
1447,CLAYS,ACCUR #2,"[[0.81395349]
 [0.51470588]]"
1448,WIN 296,H110,[[1.]]
1449,WIN 296,H4227,[[1.16666667]]
1450,WIN 296,v-N110,[[1.25]]
1451,WIN 296,R ENFORCER,[[1.2962963]]
1452,WIN 296,LONGSHORT,[[2.4137931]]
1453,WIN 296,HS6,"[[3.23076923]
 [2.14285714]]"
1454,WIN 296,v-N350,"[[3.23076923]
 [2.1875    ]]"
1455,WIN 296,v-N340,"[[3.62068966]
 [2.44186047]]"
1456,WIN 296,WIN 231,[[2.87671233]]
1457,WIN 296,HP38,[[2.87671233]]
1458,WIN 296,TITEGROUP,"[[4.88372093]
 [3.08823529]]"
1459,WIN 296,CFE PISTOL,"[[3.88888889]
 [3.04347826]]"
1460,WIN 296,R TRUE BLUE,"[[3.75      ]
 [2.01923077]]"
1461,WIN 296,AUTOCOMP,"[[4.46808511]
 [2.8       ]]"
1462,WIN 296,UNIVERSAL,"[[4.46808511]
 [2.95774648]]"
1463,WIN 296,ACCUR #7,[[1.9266055]]
1464,WIN 296,ACCUR #5,"[[3.44262295]
 [2.1875    ]]"
1465,WIN 296,SR4756,"[[3.96226415]
 [3.5       ]]"
1466,WIN 296,HERC 2400,[[1.36363636]]
1467,WIN 296,SR7625,"[[4.66666667]
 [3.62068966]]"
1468,WIN 296,IMR 700X,"[[5.83333333]
 [4.66666667]]"
1469,WIN 296,v-N320,"[[4.28571429]
 [3.04347826]]"
1470,WIN 296,POWER PISTOL,"[[3.88888889]
 [2.2826087 ]]"
1471,WIN 296,UNIQUE,"[[4.2]
 [2.5]]"
1472,WIN 296,v-N310,[[3.5]]
1473,WIN 296,IMR PB,[[4.66666667]]
1474,WIN 296,ACCUR #2,"[[4.88372093]
 [3.08823529]]"
1475,H110,H4227,[[1.16666667]]
1476,H110,v-N110,[[1.25]]
1477,H110,R ENFORCER,[[1.2962963]]
1478,H110,LONGSHORT,[[2.4137931]]
1479,H110,HS6,"[[3.23076923]
 [2.14285714]]"
1480,H110,v-N350,"[[3.23076923]
 [2.1875    ]]"
1481,H110,v-N340,"[[3.62068966]
 [2.44186047]]"
1482,H110,WIN 231,[[2.87671233]]
1483,H110,HP38,[[2.87671233]]
1484,H110,TITEGROUP,"[[4.88372093]
 [3.08823529]]"
1485,H110,CFE PISTOL,"[[3.88888889]
 [3.04347826]]"
1486,H110,R TRUE BLUE,"[[3.75      ]
 [2.01923077]]"
1487,H110,AUTOCOMP,"[[4.46808511]
 [2.8       ]]"
1488,H110,UNIVERSAL,"[[4.46808511]
 [2.95774648]]"
1489,H110,ACCUR #7,[[1.9266055]]
1490,H110,ACCUR #5,"[[3.44262295]
 [2.1875    ]]"
1491,H110,SR4756,"[[3.96226415]
 [3.5       ]]"
1492,H110,HERC 2400,[[1.36363636]]
1493,H110,SR7625,"[[4.66666667]
 [3.62068966]]"
1494,H110,IMR 700X,"[[5.83333333]
 [4.66666667]]"
1495,H110,v-N320,"[[4.28571429]
 [3.04347826]]"
1496,H110,POWER PISTOL,"[[3.88888889]
 [2.2826087 ]]"
1497,H110,UNIQUE,"[[4.2]
 [2.5]]"
1498,H110,v-N310,[[3.5]]
1499,H110,IMR PB,[[4.66666667]]
1500,H110,ACCUR #2,"[[4.88372093]
 [3.08823529]]"
1501,H4227,v-N110,[[1.07142857]]
1502,H4227,R ENFORCER,[[1.11111111]]
1503,H4227,LONGSHORT,[[2.06896552]]
1504,H4227,HS6,"[[2.76923077]
 [1.83673469]]"
1505,H4227,v-N350,"[[2.76923077]
 [1.875     ]]"
1506,H4227,v-N340,"[[3.10344828]
 [2.09302326]]"
1507,H4227,WIN 231,[[2.46575342]]
1508,H4227,HP38,[[2.46575342]]
1509,H4227,TITEGROUP,"[[4.18604651]
 [2.64705882]]"
1510,H4227,CFE PISTOL,"[[3.33333333]
 [2.60869565]]"
1511,H4227,R TRUE BLUE,"[[3.21428571]
 [1.73076923]]"
1512,H4227,AUTOCOMP,"[[3.82978723]
 [2.4       ]]"
1513,H4227,UNIVERSAL,"[[3.82978723]
 [2.53521127]]"
1514,H4227,ACCUR #7,[[1.65137615]]
1515,H4227,ACCUR #5,"[[2.95081967]
 [1.875     ]]"
1516,H4227,SR4756,"[[3.39622642]
 [3.        ]]"
1517,H4227,HERC 2400,[[1.16883117]]
1518,H4227,SR7625,"[[4.        ]
 [3.10344828]]"
1519,H4227,IMR 700X,"[[5.]
 [4.]]"
1520,H4227,v-N320,"[[3.67346939]
 [2.60869565]]"
1521,H4227,POWER PISTOL,"[[3.33333333]
 [1.95652174]]"
1522,H4227,UNIQUE,"[[3.6       ]
 [2.14285714]]"
1523,H4227,v-N310,[[3.]]
1524,H4227,IMR PB,[[4.]]
1525,H4227,ACCUR #2,"[[4.18604651]
 [2.64705882]]"
1526,v-N110,R ENFORCER,[[1.03703704]]
1527,v-N110,LONGSHORT,[[1.93103448]]
1528,v-N110,HS6,"[[2.58461538]
 [1.71428571]]"
1529,v-N110,v-N350,"[[2.58461538]
 [1.75      ]]"
1530,v-N110,v-N340,"[[2.89655172]
 [1.95348837]]"
1531,v-N110,WIN 231,[[2.30136986]]
1532,v-N110,HP38,[[2.30136986]]
1533,v-N110,TITEGROUP,"[[3.90697674]
 [2.47058824]]"
1534,v-N110,CFE PISTOL,"[[3.11111111]
 [2.43478261]]"
1535,v-N110,R TRUE BLUE,"[[3.        ]
 [1.61538462]]"
1536,v-N110,AUTOCOMP,"[[3.57446809]
 [2.24      ]]"
1537,v-N110,UNIVERSAL,"[[3.57446809]
 [2.36619718]]"
1538,v-N110,ACCUR #7,[[1.5412844]]
1539,v-N110,ACCUR #5,"[[2.75409836]
 [1.75      ]]"
1540,v-N110,SR4756,"[[3.16981132]
 [2.8       ]]"
1541,v-N110,HERC 2400,[[1.09090909]]
1542,v-N110,SR7625,"[[3.73333333]
 [2.89655172]]"
1543,v-N110,IMR 700X,"[[4.66666667]
 [3.73333333]]"
1544,v-N110,v-N320,"[[3.42857143]
 [2.43478261]]"
1545,v-N110,POWER PISTOL,"[[3.11111111]
 [1.82608696]]"
1546,v-N110,UNIQUE,"[[3.36]
 [2.  ]]"
1547,v-N110,v-N310,[[2.8]]
1548,v-N110,IMR PB,[[3.73333333]]
1549,v-N110,ACCUR #2,"[[3.90697674]
 [2.47058824]]"
1550,R ENFORCER,LONGSHORT,[[1.86206897]]
1551,R ENFORCER,HS6,"[[2.49230769]
 [1.65306122]]"
1552,R ENFORCER,v-N350,"[[2.49230769]
 [1.6875    ]]"
1553,R ENFORCER,v-N340,"[[2.79310345]
 [1.88372093]]"
1554,R ENFORCER,WIN 231,[[2.21917808]]
1555,R ENFORCER,HP38,[[2.21917808]]
1556,R ENFORCER,TITEGROUP,"[[3.76744186]
 [2.38235294]]"
1557,R ENFORCER,CFE PISTOL,"[[3.        ]
 [2.34782609]]"
1558,R ENFORCER,R TRUE BLUE,"[[2.89285714]
 [1.55769231]]"
1559,R ENFORCER,AUTOCOMP,"[[3.44680851]
 [2.16      ]]"
1560,R ENFORCER,UNIVERSAL,"[[3.44680851]
 [2.28169014]]"
1561,R ENFORCER,ACCUR #7,[[1.48623853]]
1562,R ENFORCER,ACCUR #5,"[[2.6557377]
 [1.6875   ]]"
1563,R ENFORCER,SR4756,"[[3.05660377]
 [2.7       ]]"
1564,R ENFORCER,HERC 2400,[[1.05194805]]
1565,R ENFORCER,SR7625,"[[3.6       ]
 [2.79310345]]"
1566,R ENFORCER,IMR 700X,"[[4.5]
 [3.6]]"
1567,R ENFORCER,v-N320,"[[3.30612245]
 [2.34782609]]"
1568,R ENFORCER,POWER PISTOL,"[[3.        ]
 [1.76086957]]"
1569,R ENFORCER,UNIQUE,"[[3.24      ]
 [1.92857143]]"
1570,R ENFORCER,v-N310,[[2.7]]
1571,R ENFORCER,IMR PB,[[3.6]]
1572,R ENFORCER,ACCUR #2,"[[3.76744186]
 [2.38235294]]"
1573,LONGSHORT,HS6,"[[1.33846154]
 [0.8877551 ]]"
1574,LONGSHORT,v-N350,"[[1.33846154]
 [0.90625   ]]"
1575,LONGSHORT,v-N340,"[[1.5       ]
 [1.01162791]]"
1576,LONGSHORT,WIN 231,[[1.19178082]]
1577,LONGSHORT,HP38,[[1.19178082]]
1578,LONGSHORT,TITEGROUP,"[[2.02325581]
 [1.27941176]]"
1579,LONGSHORT,CFE PISTOL,"[[1.61111111]
 [1.26086957]]"
1580,LONGSHORT,R TRUE BLUE,"[[1.55357143]
 [0.83653846]]"
1581,LONGSHORT,AUTOCOMP,"[[1.85106383]
 [1.16      ]]"
1582,LONGSHORT,UNIVERSAL,"[[1.85106383]
 [1.22535211]]"
1583,LONGSHORT,ACCUR #7,[[0.79816514]]
1584,LONGSHORT,ACCUR #5,"[[1.42622951]
 [0.90625   ]]"
1585,LONGSHORT,SR4756,"[[1.64150943]
 [1.45      ]]"
1586,LONGSHORT,HERC 2400,[[0.56493506]]
1587,LONGSHORT,SR7625,"[[1.93333333]
 [1.5       ]]"
1588,LONGSHORT,IMR 700X,"[[2.41666667]
 [1.93333333]]"
1589,LONGSHORT,v-N320,"[[1.7755102 ]
 [1.26086957]]"
1590,LONGSHORT,POWER PISTOL,"[[1.61111111]
 [0.94565217]]"
1591,LONGSHORT,UNIQUE,"[[1.74      ]
 [1.03571429]]"
1592,LONGSHORT,v-N310,[[1.45]]
1593,LONGSHORT,IMR PB,[[1.93333333]]
1594,LONGSHORT,ACCUR #2,"[[2.02325581]
 [1.27941176]]"
1595,HS6,v-N350,"[[1.        ]
 [1.02083333]]"
1596,HS6,v-N340,"[[1.12068966]
 [1.13953488]]"
1597,HS6,WIN 231,"[[0.89041096]
 [1.34246575]]"
1598,HS6,HP38,"[[0.89041096]
 [1.34246575]]"
1599,HS6,TITEGROUP,"[[1.51162791]
 [1.44117647]]"
1600,HS6,CFE PISTOL,"[[1.2037037 ]
 [1.42028986]]"
1601,HS6,R TRUE BLUE,"[[1.16071429]
 [0.94230769]]"
1602,HS6,AUTOCOMP,"[[1.38297872]
 [1.30666667]]"
1603,HS6,UNIVERSAL,"[[1.38297872]
 [1.38028169]]"
1604,HS6,ACCUR #7,"[[0.59633028]
 [0.89908257]]"
1605,HS6,ACCUR #5,"[[1.06557377]
 [1.02083333]]"
1606,HS6,SR4756,"[[1.22641509]
 [1.63333333]]"
1607,HS6,HERC 2400,"[[0.42207792]
 [0.63636364]]"
1608,HS6,SR7625,"[[1.44444444]
 [1.68965517]]"
1609,HS6,IMR 700X,"[[1.80555556]
 [2.17777778]]"
1610,HS6,v-N320,"[[1.32653061]
 [1.42028986]]"
1611,HS6,POWER PISTOL,"[[1.2037037 ]
 [1.06521739]]"
1612,HS6,UNIQUE,"[[1.3       ]
 [1.16666667]]"
1613,HS6,v-N310,"[[1.08333333]
 [1.63333333]]"
1614,HS6,IMR PB,"[[1.44444444]
 [2.17777778]]"
1615,HS6,ACCUR #2,"[[1.51162791]
 [1.44117647]]"
1616,v-N350,v-N340,"[[1.12068966]
 [1.11627907]]"
1617,v-N350,WIN 231,"[[0.89041096]
 [1.31506849]]"
1618,v-N350,HP38,"[[0.89041096]
 [1.31506849]]"
1619,v-N350,TITEGROUP,"[[1.51162791]
 [1.41176471]]"
1620,v-N350,CFE PISTOL,"[[1.2037037 ]
 [1.39130435]]"
1621,v-N350,R TRUE BLUE,"[[1.16071429]
 [0.92307692]]"
1622,v-N350,AUTOCOMP,"[[1.38297872]
 [1.28      ]]"
1623,v-N350,UNIVERSAL,"[[1.38297872]
 [1.35211268]]"
1624,v-N350,ACCUR #7,"[[0.59633028]
 [0.88073394]]"
1625,v-N350,ACCUR #5,"[[1.06557377]
 [1.        ]]"
1626,v-N350,SR4756,"[[1.22641509]
 [1.6       ]]"
1627,v-N350,HERC 2400,"[[0.42207792]
 [0.62337662]]"
1628,v-N350,SR7625,"[[1.44444444]
 [1.65517241]]"
1629,v-N350,IMR 700X,"[[1.80555556]
 [2.13333333]]"
1630,v-N350,v-N320,"[[1.32653061]
 [1.39130435]]"
1631,v-N350,POWER PISTOL,"[[1.2037037 ]
 [1.04347826]]"
1632,v-N350,UNIQUE,"[[1.3       ]
 [1.14285714]]"
1633,v-N350,v-N310,"[[1.08333333]
 [1.6       ]]"
1634,v-N350,IMR PB,"[[1.44444444]
 [2.13333333]]"
1635,v-N350,ACCUR #2,"[[1.51162791]
 [1.41176471]]"
1636,v-N340,WIN 231,"[[0.79452055]
 [1.17808219]]"
1637,v-N340,HP38,"[[0.79452055]
 [1.17808219]]"
1638,v-N340,TITEGROUP,"[[1.34883721]
 [1.26470588]]"
1639,v-N340,CFE PISTOL,"[[1.07407407]
 [1.24637681]]"
1640,v-N340,R TRUE BLUE,"[[1.03571429]
 [0.82692308]]"
1641,v-N340,AUTOCOMP,"[[1.23404255]
 [1.14666667]]"
1642,v-N340,UNIVERSAL,"[[1.23404255]
 [1.21126761]]"
1643,v-N340,ACCUR #7,"[[0.53211009]
 [0.78899083]]"
1644,v-N340,ACCUR #5,"[[0.95081967]
 [0.89583333]]"
1645,v-N340,SR4756,"[[1.09433962]
 [1.43333333]]"
1646,v-N340,HERC 2400,"[[0.37662338]
 [0.55844156]]"
1647,v-N340,SR7625,"[[1.28888889]
 [1.48275862]]"
1648,v-N340,IMR 700X,"[[1.61111111]
 [1.91111111]]"
1649,v-N340,v-N320,"[[1.18367347]
 [1.24637681]]"
1650,v-N340,POWER PISTOL,"[[1.07407407]
 [0.93478261]]"
1651,v-N340,UNIQUE,"[[1.16      ]
 [1.02380952]]"
1652,v-N340,v-N310,"[[0.96666667]
 [1.43333333]]"
1653,v-N340,IMR PB,"[[1.28888889]
 [1.91111111]]"
1654,v-N340,ACCUR #2,"[[1.34883721]
 [1.26470588]]"
1655,WIN 231,HP38,[[1.]]
1656,WIN 231,TITEGROUP,"[[1.69767442]
 [1.07352941]]"
1657,WIN 231,CFE PISTOL,"[[1.35185185]
 [1.05797101]]"
1658,WIN 231,R TRUE BLUE,"[[1.30357143]
 [0.70192308]]"
1659,WIN 231,AUTOCOMP,"[[1.55319149]
 [0.97333333]]"
1660,WIN 231,UNIVERSAL,"[[1.55319149]
 [1.02816901]]"
1661,WIN 231,ACCUR #7,[[0.66972477]]
1662,WIN 231,ACCUR #5,"[[1.19672131]
 [0.76041667]]"
1663,WIN 231,SR4756,"[[1.37735849]
 [1.21666667]]"
1664,WIN 231,HERC 2400,[[0.47402597]]
1665,WIN 231,SR7625,"[[1.62222222]
 [1.25862069]]"
1666,WIN 231,IMR 700X,"[[2.02777778]
 [1.62222222]]"
1667,WIN 231,v-N320,"[[1.48979592]
 [1.05797101]]"
1668,WIN 231,POWER PISTOL,"[[1.35185185]
 [0.79347826]]"
1669,WIN 231,UNIQUE,"[[1.46      ]
 [0.86904762]]"
1670,WIN 231,v-N310,[[1.21666667]]
1671,WIN 231,IMR PB,[[1.62222222]]
1672,WIN 231,ACCUR #2,"[[1.69767442]
 [1.07352941]]"
1673,HP38,TITEGROUP,"[[1.69767442]
 [1.07352941]]"
1674,HP38,CFE PISTOL,"[[1.35185185]
 [1.05797101]]"
1675,HP38,R TRUE BLUE,"[[1.30357143]
 [0.70192308]]"
1676,HP38,AUTOCOMP,"[[1.55319149]
 [0.97333333]]"
1677,HP38,UNIVERSAL,"[[1.55319149]
 [1.02816901]]"
1678,HP38,ACCUR #7,[[0.66972477]]
1679,HP38,ACCUR #5,"[[1.19672131]
 [0.76041667]]"
1680,HP38,SR4756,"[[1.37735849]
 [1.21666667]]"
1681,HP38,HERC 2400,[[0.47402597]]
1682,HP38,SR7625,"[[1.62222222]
 [1.25862069]]"
1683,HP38,IMR 700X,"[[2.02777778]
 [1.62222222]]"
1684,HP38,v-N320,"[[1.48979592]
 [1.05797101]]"
1685,HP38,POWER PISTOL,"[[1.35185185]
 [0.79347826]]"
1686,HP38,UNIQUE,"[[1.46      ]
 [0.86904762]]"
1687,HP38,v-N310,[[1.21666667]]
1688,HP38,IMR PB,[[1.62222222]]
1689,HP38,ACCUR #2,"[[1.69767442]
 [1.07352941]]"
1690,TITEGROUP,CFE PISTOL,"[[0.7962963 ]
 [0.98550725]]"
1691,TITEGROUP,R TRUE BLUE,"[[0.76785714]
 [0.65384615]]"
1692,TITEGROUP,AUTOCOMP,"[[0.91489362]
 [0.90666667]]"
1693,TITEGROUP,UNIVERSAL,"[[0.91489362]
 [0.95774648]]"
1694,TITEGROUP,ACCUR #7,"[[0.39449541]
 [0.62385321]]"
1695,TITEGROUP,ACCUR #5,"[[0.70491803]
 [0.70833333]]"
1696,TITEGROUP,SR4756,"[[0.81132075]
 [1.13333333]]"
1697,TITEGROUP,HERC 2400,"[[0.27922078]
 [0.44155844]]"
1698,TITEGROUP,SR7625,"[[0.95555556]
 [1.17241379]]"
1699,TITEGROUP,IMR 700X,"[[1.19444444]
 [1.51111111]]"
1700,TITEGROUP,v-N320,"[[0.87755102]
 [0.98550725]]"
1701,TITEGROUP,POWER PISTOL,"[[0.7962963 ]
 [0.73913043]]"
1702,TITEGROUP,UNIQUE,"[[0.86      ]
 [0.80952381]]"
1703,TITEGROUP,v-N310,"[[0.71666667]
 [1.13333333]]"
1704,TITEGROUP,IMR PB,"[[0.95555556]
 [1.51111111]]"
1705,TITEGROUP,ACCUR #2,"[[1.]
 [1.]]"
1706,CFE PISTOL,R TRUE BLUE,"[[0.96428571]
 [0.66346154]]"
1707,CFE PISTOL,AUTOCOMP,"[[1.14893617]
 [0.92      ]]"
1708,CFE PISTOL,UNIVERSAL,"[[1.14893617]
 [0.97183099]]"
1709,CFE PISTOL,ACCUR #7,"[[0.49541284]
 [0.63302752]]"
1710,CFE PISTOL,ACCUR #5,"[[0.8852459]
 [0.71875  ]]"
1711,CFE PISTOL,SR4756,"[[1.01886792]
 [1.15      ]]"
1712,CFE PISTOL,HERC 2400,"[[0.35064935]
 [0.44805195]]"
1713,CFE PISTOL,SR7625,"[[1.2       ]
 [1.18965517]]"
1714,CFE PISTOL,IMR 700X,"[[1.5       ]
 [1.53333333]]"
1715,CFE PISTOL,v-N320,"[[1.10204082]
 [1.        ]]"
1716,CFE PISTOL,POWER PISTOL,"[[1.  ]
 [0.75]]"
1717,CFE PISTOL,UNIQUE,"[[1.08      ]
 [0.82142857]]"
1718,CFE PISTOL,v-N310,"[[0.9 ]
 [1.15]]"
1719,CFE PISTOL,IMR PB,"[[1.2       ]
 [1.53333333]]"
1720,CFE PISTOL,ACCUR #2,"[[1.25581395]
 [1.01470588]]"
1721,R TRUE BLUE,AUTOCOMP,"[[1.19148936]
 [1.38666667]]"
1722,R TRUE BLUE,UNIVERSAL,"[[1.19148936]
 [1.46478873]]"
1723,R TRUE BLUE,ACCUR #7,"[[0.51376147]
 [0.95412844]]"
1724,R TRUE BLUE,ACCUR #5,"[[0.91803279]
 [1.08333333]]"
1725,R TRUE BLUE,SR4756,"[[1.05660377]
 [1.73333333]]"
1726,R TRUE BLUE,HERC 2400,"[[0.36363636]
 [0.67532468]]"
1727,R TRUE BLUE,SR7625,"[[1.24444444]
 [1.79310345]]"
1728,R TRUE BLUE,IMR 700X,"[[1.55555556]
 [2.31111111]]"
1729,R TRUE BLUE,v-N320,"[[1.14285714]
 [1.50724638]]"
1730,R TRUE BLUE,POWER PISTOL,"[[1.03703704]
 [1.13043478]]"
1731,R TRUE BLUE,UNIQUE,"[[1.12      ]
 [1.23809524]]"
1732,R TRUE BLUE,v-N310,"[[0.93333333]
 [1.73333333]]"
1733,R TRUE BLUE,IMR PB,"[[1.24444444]
 [2.31111111]]"
1734,R TRUE BLUE,ACCUR #2,"[[1.30232558]
 [1.52941176]]"
1735,AUTOCOMP,UNIVERSAL,"[[1.        ]
 [1.05633803]]"
1736,AUTOCOMP,ACCUR #7,"[[0.43119266]
 [0.68807339]]"
1737,AUTOCOMP,ACCUR #5,"[[0.7704918]
 [0.78125  ]]"
1738,AUTOCOMP,SR4756,"[[0.88679245]
 [1.25      ]]"
1739,AUTOCOMP,HERC 2400,"[[0.30519481]
 [0.48701299]]"
1740,AUTOCOMP,SR7625,"[[1.04444444]
 [1.29310345]]"
1741,AUTOCOMP,IMR 700X,"[[1.30555556]
 [1.66666667]]"
1742,AUTOCOMP,v-N320,"[[0.95918367]
 [1.08695652]]"
1743,AUTOCOMP,POWER PISTOL,"[[0.87037037]
 [0.81521739]]"
1744,AUTOCOMP,UNIQUE,"[[0.94      ]
 [0.89285714]]"
1745,AUTOCOMP,v-N310,"[[0.78333333]
 [1.25      ]]"
1746,AUTOCOMP,IMR PB,"[[1.04444444]
 [1.66666667]]"
1747,AUTOCOMP,ACCUR #2,"[[1.09302326]
 [1.10294118]]"
1748,UNIVERSAL,ACCUR #7,"[[0.43119266]
 [0.65137615]]"
1749,UNIVERSAL,ACCUR #5,"[[0.7704918 ]
 [0.73958333]]"
1750,UNIVERSAL,SR4756,"[[0.88679245]
 [1.18333333]]"
1751,UNIVERSAL,HERC 2400,"[[0.30519481]
 [0.46103896]]"
1752,UNIVERSAL,SR7625,"[[1.04444444]
 [1.22413793]]"
1753,UNIVERSAL,IMR 700X,"[[1.30555556]
 [1.57777778]]"
1754,UNIVERSAL,v-N320,"[[0.95918367]
 [1.02898551]]"
1755,UNIVERSAL,POWER PISTOL,"[[0.87037037]
 [0.77173913]]"
1756,UNIVERSAL,UNIQUE,"[[0.94     ]
 [0.8452381]]"
1757,UNIVERSAL,v-N310,"[[0.78333333]
 [1.18333333]]"
1758,UNIVERSAL,IMR PB,"[[1.04444444]
 [1.57777778]]"
1759,UNIVERSAL,ACCUR #2,"[[1.09302326]
 [1.04411765]]"
1760,ACCUR #7,ACCUR #5,"[[1.78688525]
 [1.13541667]]"
1761,ACCUR #7,SR4756,"[[2.05660377]
 [1.81666667]]"
1762,ACCUR #7,HERC 2400,[[0.70779221]]
1763,ACCUR #7,SR7625,"[[2.42222222]
 [1.87931034]]"
1764,ACCUR #7,IMR 700X,"[[3.02777778]
 [2.42222222]]"
1765,ACCUR #7,v-N320,"[[2.2244898 ]
 [1.57971014]]"
1766,ACCUR #7,POWER PISTOL,"[[2.01851852]
 [1.18478261]]"
1767,ACCUR #7,UNIQUE,"[[2.18      ]
 [1.29761905]]"
1768,ACCUR #7,v-N310,[[1.81666667]]
1769,ACCUR #7,IMR PB,[[2.42222222]]
1770,ACCUR #7,ACCUR #2,"[[2.53488372]
 [1.60294118]]"
1771,ACCUR #5,SR4756,"[[1.1509434]
 [1.6      ]]"
1772,ACCUR #5,HERC 2400,"[[0.3961039 ]
 [0.62337662]]"
1773,ACCUR #5,SR7625,"[[1.35555556]
 [1.65517241]]"
1774,ACCUR #5,IMR 700X,"[[1.69444444]
 [2.13333333]]"
1775,ACCUR #5,v-N320,"[[1.24489796]
 [1.39130435]]"
1776,ACCUR #5,POWER PISTOL,"[[1.12962963]
 [1.04347826]]"
1777,ACCUR #5,UNIQUE,"[[1.22      ]
 [1.14285714]]"
1778,ACCUR #5,v-N310,"[[1.01666667]
 [1.6       ]]"
1779,ACCUR #5,IMR PB,"[[1.35555556]
 [2.13333333]]"
1780,ACCUR #5,ACCUR #2,"[[1.41860465]
 [1.41176471]]"
1781,SR4756,HERC 2400,"[[0.34415584]
 [0.38961039]]"
1782,SR4756,SR7625,"[[1.17777778]
 [1.03448276]]"
1783,SR4756,IMR 700X,"[[1.47222222]
 [1.33333333]]"
1784,SR4756,v-N320,"[[1.08163265]
 [0.86956522]]"
1785,SR4756,POWER PISTOL,"[[0.98148148]
 [0.65217391]]"
1786,SR4756,UNIQUE,"[[1.06      ]
 [0.71428571]]"
1787,SR4756,v-N310,"[[0.88333333]
 [1.        ]]"
1788,SR4756,IMR PB,"[[1.17777778]
 [1.33333333]]"
1789,SR4756,ACCUR #2,"[[1.23255814]
 [0.88235294]]"
1790,HERC 2400,SR7625,"[[3.42222222]
 [2.65517241]]"
1791,HERC 2400,IMR 700X,"[[4.27777778]
 [3.42222222]]"
1792,HERC 2400,v-N320,"[[3.14285714]
 [2.23188406]]"
1793,HERC 2400,POWER PISTOL,"[[2.85185185]
 [1.67391304]]"
1794,HERC 2400,UNIQUE,"[[3.08      ]
 [1.83333333]]"
1795,HERC 2400,v-N310,[[2.56666667]]
1796,HERC 2400,IMR PB,[[3.42222222]]
1797,HERC 2400,ACCUR #2,"[[3.58139535]
 [2.26470588]]"
1798,SR7625,IMR 700X,"[[1.25      ]
 [1.28888889]]"
1799,SR7625,v-N320,"[[0.91836735]
 [0.84057971]]"
1800,SR7625,POWER PISTOL,"[[0.83333333]
 [0.63043478]]"
1801,SR7625,UNIQUE,"[[0.9       ]
 [0.69047619]]"
1802,SR7625,v-N310,"[[0.75      ]
 [0.96666667]]"
1803,SR7625,IMR PB,"[[1.        ]
 [1.28888889]]"
1804,SR7625,ACCUR #2,"[[1.04651163]
 [0.85294118]]"
1805,IMR 700X,v-N320,"[[0.73469388]
 [0.65217391]]"
1806,IMR 700X,POWER PISTOL,"[[0.66666667]
 [0.48913043]]"
1807,IMR 700X,UNIQUE,"[[0.72      ]
 [0.53571429]]"
1808,IMR 700X,v-N310,"[[0.6 ]
 [0.75]]"
1809,IMR 700X,IMR PB,"[[0.8]
 [1. ]]"
1810,IMR 700X,ACCUR #2,"[[0.8372093 ]
 [0.66176471]]"
1811,v-N320,POWER PISTOL,"[[0.90740741]
 [0.75      ]]"
1812,v-N320,UNIQUE,"[[0.98      ]
 [0.82142857]]"
1813,v-N320,v-N310,"[[0.81666667]
 [1.15      ]]"
1814,v-N320,IMR PB,"[[1.08888889]
 [1.53333333]]"
1815,v-N320,ACCUR #2,"[[1.13953488]
 [1.01470588]]"
1816,POWER PISTOL,UNIQUE,"[[1.08     ]
 [1.0952381]]"
1817,POWER PISTOL,v-N310,"[[0.9       ]
 [1.53333333]]"
1818,POWER PISTOL,IMR PB,"[[1.2       ]
 [2.04444444]]"
1819,POWER PISTOL,ACCUR #2,"[[1.25581395]
 [1.35294118]]"
1820,UNIQUE,v-N310,"[[0.83333333]
 [1.4       ]]"
1821,UNIQUE,IMR PB,"[[1.11111111]
 [1.86666667]]"
1822,UNIQUE,ACCUR #2,"[[1.1627907 ]
 [1.23529412]]"
1823,v-N310,IMR PB,[[1.33333333]]
1824,v-N310,ACCUR #2,"[[1.39534884]
 [0.88235294]]"
1825,IMR PB,ACCUR #2,"[[1.04651163]
 [0.66176471]]"
